sim_time,power
8.0,3.2175238225399996
1616.0,1.5677444999973034e-05
4816.0,4.000355602329364e-12
8016.0,4.000355602329364e-12
11216.0,4.000355602329364e-12
14416.0,4.000355602329364e-12
17616.0,4.000355602329364e-12
20816.0,4.000355602329364e-12
24016.0,4.000355602329364e-12
27216.0,4.000355602329364e-12
30416.0,4.000355602329364e-12
33616.0,4.000355602329364e-12
36816.0,4.000355602329364e-12
40016.0,4.000355602329364e-12
43216.0,4.000355602329364e-12
46416.0,4.000355602329364e-12
49616.0,4.000355602329364e-12
52816.0,4.000355602329364e-12
56016.0,4.000355602329364e-12
59216.0,4.000355602329364e-12
62416.0,4.000355602329364e-12
65616.0,4.000355602329364e-12
68816.0,4.000355602329364e-12
72016.0,4.000355602329364e-12
75216.0,4.000355602329364e-12
78416.0,4.000355602329364e-12
81616.0,4.000355602329364e-12
84816.0,4.000355602329364e-12
88016.0,4.000355602329364e-12
91216.0,4.000355602329364e-12
94416.0,4.000355602329364e-12
97616.0,4.000355602329364e-12
100816.0,4.000355602329364e-12
104016.0,4.000355602329364e-12
107216.0,4.000355602329364e-12
110416.0,4.000355602329364e-12
113616.0,4.000355602329364e-12
116816.0,4.000355602329364e-12
120016.0,4.000355602329364e-12
123216.0,4.000355602329364e-12
126416.0,4.000355602329364e-12
129616.0,4.000355602329364e-12
132816.0,4.000355602329364e-12
136016.0,4.000355602329364e-12
139216.0,4.000355602329364e-12
142416.0,4.000355602329364e-12
145616.0,4.000355602329364e-12
148816.0,4.000355602329364e-12
152016.0,4.000355602329364e-12
155216.0,4.000355602329364e-12
158416.0,4.000355602329364e-12
161616.0,4.000355602329364e-12
164816.0,4.000355602329364e-12
168016.0,4.000355602329364e-12
171216.0,4.000355602329364e-12
174416.0,4.000355602329364e-12
177616.0,4.000355602329364e-12
180816.0,4.000355602329364e-12
184016.0,4.000355602329364e-12
187216.0,4.000355602329364e-12
190416.0,4.000355602329364e-12
193616.0,4.000355602329364e-12
196816.0,4.000355602329364e-12
200016.0,4.000355602329364e-12
203216.0,4.000355602329364e-12
206416.0,4.000355602329364e-12
209616.0,4.000355602329364e-12
212816.0,4.000355602329364e-12
216016.0,4.000355602329364e-12
219216.0,4.000355602329364e-12
222416.0,4.000355602329364e-12
225616.0,4.000355602329364e-12
228816.0,4.000355602329364e-12
232016.0,4.000355602329364e-12
235216.0,4.000355602329364e-12
238416.0,4.000355602329364e-12
241616.0,4.000355602329364e-12
244816.0,4.000355602329364e-12
248016.0,4.000355602329364e-12
251216.0,4.000355602329364e-12
254416.0,4.000355602329364e-12
257616.0,4.000355602329364e-12
260816.0,4.000355602329364e-12
264016.0,4.000355602329364e-12
267216.0,4.000355602329364e-12
270416.0,4.000355602329364e-12
273616.0,4.000355602329364e-12
276816.0,4.000355602329364e-12
280016.0,4.000355602329364e-12
283216.0,4.000355602329364e-12
286416.0,4.000355602329364e-12
289616.0,4.000355602329364e-12
292816.0,4.000355602329364e-12
296016.0,4.000355602329364e-12
299216.0,4.000355602329364e-12
302416.0,4.000355602329364e-12
305616.0,4.000355602329364e-12
308816.0,4.000355602329364e-12
312016.0,4.000355602329364e-12
315216.0,4.000355602329364e-12
318416.0,4.000355602329364e-12
321616.0,4.000355602329364e-12
324816.0,4.000355602329364e-12
328016.0,4.000355602329364e-12
331216.0,4.000355602329364e-12
334416.0,4.000355602329364e-12
337616.0,4.000355602329364e-12
340816.0,4.000355602329364e-12
344016.0,4.000355602329364e-12
347216.0,4.000355602329364e-12
350416.0,4.000355602329364e-12
353616.0,4.000355602329364e-12
356816.0,4.000355602329364e-12
360016.0,4.000355602329364e-12
363216.0,4.000355602329364e-12
366416.0,4.000355602329364e-12
369616.0,4.000355602329364e-12
372816.0,4.000355602329364e-12
376016.0,4.000355602329364e-12
379216.0,4.000355602329364e-12
382416.0,4.000355602329364e-12
385616.0,4.000355602329364e-12
388816.0,4.000355602329364e-12
392016.0,4.000355602329364e-12
395216.0,4.000355602329364e-12
398416.0,4.000355602329364e-12
401616.0,4.000355602329364e-12
404816.0,4.000355602329364e-12
408016.0,4.000355602329364e-12
411216.0,4.000355602329364e-12
414416.0,4.000355602329364e-12
417616.0,4.000355602329364e-12
420816.0,4.000355602329364e-12
424016.0,4.000355602329364e-12
427216.0,4.000355602329364e-12
430416.0,4.000355602329364e-12
433616.0,4.000355602329364e-12
436816.0,4.000355602329364e-12
440016.0,4.000355602329364e-12
443216.0,4.000355602329364e-12
446416.0,4.000355602329364e-12
449616.0,4.000355602329364e-12
452816.0,4.000355602329364e-12
456016.0,4.000355602329364e-12
459216.0,4.000355602329364e-12
462416.0,4.000355602329364e-12
465616.0,4.000355602329364e-12
468816.0,4.000355602329364e-12
472016.0,4.000355602329364e-12
475216.0,4.000355602329364e-12
478416.0,4.000355602329364e-12
481616.0,4.000355602329364e-12
484816.0,4.000355602329364e-12
488016.0,4.000355602329364e-12
491216.0,4.000355602329364e-12
494416.0,4.000355602329364e-12
497616.0,4.000355602329364e-12
500816.0,4.000355602329364e-12
504016.0,4.000355602329364e-12
507216.0,4.000355602329364e-12
510416.0,4.000355602329364e-12
513616.0,4.000355602329364e-12
516816.0,4.000355602329364e-12
520016.0,4.000355602329364e-12
523216.0,4.000355602329364e-12
526416.0,4.000355602329364e-12
529616.0,4.000355602329364e-12
532816.0,4.000355602329364e-12
536016.0,4.000355602329364e-12
539216.0,4.000355602329364e-12
542416.0,4.000355602329364e-12
545616.0,4.000355602329364e-12
548816.0,4.000355602329364e-12
552016.0,4.000355602329364e-12
555216.0,4.000355602329364e-12
558416.0,4.000355602329364e-12
561616.0,4.000355602329364e-12
564816.0,4.000355602329364e-12
568016.0,4.000355602329364e-12
571216.0,4.000355602329364e-12
574416.0,4.000355602329364e-12
577616.0,4.000355602329364e-12
580816.0,4.000355602329364e-12
584016.0,4.000355602329364e-12
587216.0,4.000355602329364e-12
590416.0,4.000355602329364e-12
593616.0,4.000355602329364e-12
596816.0,4.000355602329364e-12
600016.0,4.000355602329364e-12
603216.0,4.000355602329364e-12
606416.0,4.000355602329364e-12
609616.0,4.000355602329364e-12
612816.0,4.000355602329364e-12
616016.0,4.000355602329364e-12
619216.0,4.000355602329364e-12
622416.0,4.000355602329364e-12
625616.0,4.000355602329364e-12
628816.0,4.000355602329364e-12
632016.0,4.000355602329364e-12
635216.0,4.000355602329364e-12
638416.0,4.000355602329364e-12
641616.0,4.000355602329364e-12
644816.0,4.000355602329364e-12
648016.0,4.000355602329364e-12
651216.0,4.000355602329364e-12
654416.0,4.000355602329364e-12
657616.0,4.000355602329364e-12
660816.0,4.000355602329364e-12
664016.0,4.000355602329364e-12
667216.0,4.000355602329364e-12
670416.0,4.000355602329364e-12
673616.0,4.000355602329364e-12
676816.0,4.000355602329364e-12
680016.0,4.000355602329364e-12
683216.0,4.000355602329364e-12
686416.0,4.000355602329364e-12
689616.0,4.000355602329364e-12
692816.0,4.000355602329364e-12
696016.0,4.000355602329364e-12
699216.0,4.000355602329364e-12
702416.0,4.000355602329364e-12
705616.0,4.000355602329364e-12
708816.0,4.000355602329364e-12
712016.0,4.000355602329364e-12
715216.0,4.000355602329364e-12
718416.0,4.000355602329364e-12
721616.0,4.000355602329364e-12
724816.0,4.000355602329364e-12
728016.0,4.000355602329364e-12
731216.0,4.000355602329364e-12
734416.0,4.000355602329364e-12
737616.0,4.000355602329364e-12
740816.0,4.000355602329364e-12
744016.0,4.000355602329364e-12
747216.0,4.000355602329364e-12
750416.0,4.000355602329364e-12
753616.0,4.000355602329364e-12
756816.0,4.000355602329364e-12
760016.0,4.000355602329364e-12
763216.0,4.000355602329364e-12
766416.0,4.000355602329364e-12
769616.0,4.000355602329364e-12
772816.0,4.000355602329364e-12
776016.0,4.000355602329364e-12
779216.0,4.000355602329364e-12
782416.0,4.000355602329364e-12
785616.0,4.000355602329364e-12
788816.0,4.000355602329364e-12
792016.0,4.000355602329364e-12
795216.0,4.000355602329364e-12
798416.0,4.000355602329364e-12
801616.0,4.000355602329364e-12
804816.0,4.000355602329364e-12
808016.0,4.000355602329364e-12
811216.0,4.000355602329364e-12
814416.0,4.000355602329364e-12
817616.0,4.000355602329364e-12
820816.0,4.000355602329364e-12
824016.0,4.000355602329364e-12
827216.0,4.000355602329364e-12
830416.0,4.000355602329364e-12
833616.0,4.000355602329364e-12
836816.0,4.000355602329364e-12
840016.0,4.000355602329364e-12
843216.0,4.000355602329364e-12
846416.0,4.000355602329364e-12
849616.0,4.000355602329364e-12
852816.0,4.000355602329364e-12
856016.0,4.000355602329364e-12
859216.0,4.000355602329364e-12
862416.0,4.000355602329364e-12
865616.0,4.000355602329364e-12
868816.0,4.000355602329364e-12
872016.0,4.000355602329364e-12
875216.0,4.000355602329364e-12
878416.0,4.000355602329364e-12
881616.0,4.000355602329364e-12
884816.0,4.000355602329364e-12
888016.0,4.000355602329364e-12
891216.0,4.000355602329364e-12
894416.0,4.000355602329364e-12
897616.0,4.000355602329364e-12
900816.0,4.000355602329364e-12
904016.0,4.000355602329364e-12
907216.0,4.000355602329364e-12
910416.0,4.000355602329364e-12
913616.0,4.000355602329364e-12
916816.0,4.000355602329364e-12
920016.0,4.000355602329364e-12
923216.0,4.000355602329364e-12
926416.0,4.000355602329364e-12
929616.0,4.000355602329364e-12
932816.0,4.000355602329364e-12
936016.0,4.000355602329364e-12
939216.0,4.000355602329364e-12
942416.0,4.000355602329364e-12
945616.0,4.000355602329364e-12
948816.0,4.000355602329364e-12
952016.0,4.000355602329364e-12
955216.0,4.000355602329364e-12
958416.0,4.000355602329364e-12
961616.0,4.000355602329364e-12
964816.0,4.000355602329364e-12
968016.0,4.000355602329364e-12
971216.0,4.000355602329364e-12
974416.0,4.000355602329364e-12
977616.0,4.000355602329364e-12
980816.0,4.000355602329364e-12
984016.0,4.000355602329364e-12
987216.0,4.000355602329364e-12
990416.0,4.000355602329364e-12
993616.0,4.000355602329364e-12
996816.0,4.000355602329364e-12
1000016.0,4.000355602329364e-12
1003216.0,4.000355602329364e-12
1006416.0,4.000355602329364e-12
1009616.0,4.000355602329364e-12
1012816.0,4.000355602329364e-12
1016016.0,4.000355602329364e-12
1019216.0,4.000355602329364e-12
1022416.0,4.000355602329364e-12
1025616.0,4.000355602329364e-12
1028816.0,4.000355602329364e-12
1032016.0,4.000355602329364e-12
1035216.0,4.000355602329364e-12
1038416.0,4.000355602329364e-12
1041616.0,4.000355602329364e-12
1044816.0,4.000355602329364e-12
1048016.0,4.000355602329364e-12
1051216.0,4.000355602329364e-12
1054416.0,4.000355602329364e-12
1057616.0,4.000355602329364e-12
1060816.0,4.000355602329364e-12
1064016.0,4.000355602329364e-12
1067216.0,4.000355602329364e-12
1070416.0,4.000355602329364e-12
1073616.0,4.000355602329364e-12
1076816.0,4.000355602329364e-12
1080016.0,4.000355602329364e-12
1083216.0,4.000355602329364e-12
1086416.0,4.000355602329364e-12
1089616.0,4.000355602329364e-12
1092816.0,4.000355602329364e-12
1096016.0,4.000355602329364e-12
1099216.0,4.000355602329364e-12
1102416.0,4.000355602329364e-12
1105616.0,4.000355602329364e-12
1108816.0,4.000355602329364e-12
1112016.0,4.000355602329364e-12
1115216.0,4.000355602329364e-12
1118416.0,4.000355602329364e-12
1121616.0,4.000355602329364e-12
1124816.0,4.000355602329364e-12
1128016.0,4.000355602329364e-12
1131216.0,4.000355602329364e-12
1134416.0,4.000355602329364e-12
1137616.0,4.000355602329364e-12
1140816.0,4.000355602329364e-12
1144016.0,4.000355602329364e-12
1147216.0,4.000355602329364e-12
1150416.0,4.000355602329364e-12
1153616.0,4.000355602329364e-12
1156816.0,4.000355602329364e-12
1160016.0,4.000355602329364e-12
1163216.0,4.000355602329364e-12
1166416.0,4.000355602329364e-12
1169616.0,4.000355602329364e-12
1172816.0,4.000355602329364e-12
1176016.0,4.000355602329364e-12
1179216.0,4.000355602329364e-12
1182416.0,4.000355602329364e-12
1185616.0,4.000355602329364e-12
1188816.0,4.000355602329364e-12
1192016.0,4.000355602329364e-12
1195216.0,4.000355602329364e-12
1198416.0,4.000355602329364e-12
1201616.0,4.000355602329364e-12
1204816.0,4.000355602329364e-12
1208016.0,4.000355602329364e-12
1211216.0,4.000355602329364e-12
1214416.0,4.000355602329364e-12
1217616.0,4.000355602329364e-12
1220816.0,4.000355602329364e-12
1224016.0,4.000355602329364e-12
1227216.0,4.000355602329364e-12
1230416.0,4.000355602329364e-12
1233616.0,4.000355602329364e-12
1236816.0,4.000355602329364e-12
1240016.0,4.000355602329364e-12
1243216.0,4.000355602329364e-12
1246416.0,4.000355602329364e-12
1249616.0,4.000355602329364e-12
1252816.0,4.000355602329364e-12
1256016.0,4.000355602329364e-12
1259216.0,4.000355602329364e-12
1262416.0,4.000355602329364e-12
1265616.0,4.000355602329364e-12
1268816.0,4.000355602329364e-12
1272016.0,4.000355602329364e-12
1275216.0,4.000355602329364e-12
1278416.0,4.000355602329364e-12
1281616.0,4.000355602329364e-12
1284816.0,4.000355602329364e-12
1288016.0,4.000355602329364e-12
1291216.0,4.000355602329364e-12
1294416.0,4.000355602329364e-12
1297616.0,4.000355602329364e-12
1300816.0,4.000355602329364e-12
1304016.0,4.000355602329364e-12
1307216.0,4.000355602329364e-12
1310416.0,4.000355602329364e-12
1313616.0,4.000355602329364e-12
1316816.0,4.000355602329364e-12
1320016.0,4.000355602329364e-12
1323216.0,4.000355602329364e-12
1326416.0,4.000355602329364e-12
1329616.0,4.000355602329364e-12
1332816.0,4.000355602329364e-12
1336016.0,4.000355602329364e-12
1339216.0,4.000355602329364e-12
1342416.0,4.000355602329364e-12
1345616.0,4.000355602329364e-12
1348816.0,4.000355602329364e-12
1352016.0,4.000355602329364e-12
1355216.0,4.000355602329364e-12
1358416.0,4.000355602329364e-12
1361616.0,4.000355602329364e-12
1364816.0,4.000355602329364e-12
1368016.0,4.000355602329364e-12
1371216.0,4.000355602329364e-12
1374416.0,4.000355602329364e-12
1377616.0,4.000355602329364e-12
1380816.0,4.000355602329364e-12
1384016.0,4.000355602329364e-12
1387216.0,4.000355602329364e-12
1390416.0,4.000355602329364e-12
1393616.0,4.000355602329364e-12
1396816.0,4.000355602329364e-12
1400016.0,4.000355602329364e-12
1403216.0,4.000355602329364e-12
1406416.0,4.000355602329364e-12
1409616.0,4.000355602329364e-12
1412816.0,4.000355602329364e-12
1416016.0,4.000355602329364e-12
1419216.0,4.000355602329364e-12
1422416.0,4.000355602329364e-12
1425616.0,4.000355602329364e-12
1428816.0,4.000355602329364e-12
1432016.0,4.000355602329364e-12
1435216.0,4.000355602329364e-12
1438416.0,4.000355602329364e-12
1441616.0,4.000355602329364e-12
1444816.0,4.000355602329364e-12
1448016.0,4.000355602329364e-12
1451216.0,4.000355602329364e-12
1454416.0,4.000355602329364e-12
1457616.0,4.000355602329364e-12
1460816.0,4.000355602329364e-12
1464016.0,4.000355602329364e-12
1467216.0,4.000355602329364e-12
1470416.0,4.000355602329364e-12
1473616.0,4.000355602329364e-12
1476816.0,4.000355602329364e-12
1480016.0,4.000355602329364e-12
1483216.0,4.000355602329364e-12
1486416.0,4.000355602329364e-12
1489616.0,4.000355602329364e-12
1492816.0,4.000355602329364e-12
1496016.0,4.000355602329364e-12
1499216.0,4.000355602329364e-12
1502416.0,4.000355602329364e-12
1505616.0,4.000355602329364e-12
1508816.0,4.000355602329364e-12
1512016.0,4.000355602329364e-12
1515216.0,4.000355602329364e-12
1518416.0,4.000355602329364e-12
1521616.0,4.000355602329364e-12
1524816.0,4.000355602329364e-12
1528016.0,4.000355602329364e-12
1531216.0,4.000355602329364e-12
1534416.0,4.000355602329364e-12
1537616.0,4.000355602329364e-12
1540816.0,4.000355602329364e-12
1544016.0,4.000355602329364e-12
1547216.0,4.000355602329364e-12
1550416.0,4.000355602329364e-12
1553616.0,4.000355602329364e-12
1556816.0,4.000355602329364e-12
1560016.0,4.000355602329364e-12
1563216.0,4.000355602329364e-12
1566416.0,4.000355602329364e-12
1569616.0,4.000355602329364e-12
1572816.0,4.000355602329364e-12
1576016.0,4.000355602329364e-12
1579216.0,4.000355602329364e-12
1582416.0,4.000355602329364e-12
1585616.0,4.000355602329364e-12
1588816.0,4.000355602329364e-12
1592016.0,4.000355602329364e-12
1595216.0,4.000355602329364e-12
1598416.0,4.000355602329364e-12
1601616.0,4.000355602329364e-12
1604816.0,4.000355602329364e-12
1608016.0,4.000355602329364e-12
1611216.0,4.000355602329364e-12
1614416.0,4.000355602329364e-12
1617616.0,4.000355602329364e-12
1620816.0,4.000355602329364e-12
1624016.0,4.000355602329364e-12
1627216.0,4.000355602329364e-12
1630416.0,4.000355602329364e-12
1633616.0,4.000355602329364e-12
1636816.0,4.000355602329364e-12
1640016.0,4.000355602329364e-12
1643216.0,4.000355602329364e-12
1646416.0,4.000355602329364e-12
1649616.0,4.000355602329364e-12
1652816.0,4.000355602329364e-12
1656016.0,4.000355602329364e-12
1659216.0,4.000355602329364e-12
1662416.0,4.000355602329364e-12
1665616.0,4.000355602329364e-12
1668816.0,4.000355602329364e-12
1672016.0,4.000355602329364e-12
1675216.0,4.000355602329364e-12
1678416.0,4.000355602329364e-12
1681616.0,4.000355602329364e-12
1684816.0,4.000355602329364e-12
1688016.0,4.000355602329364e-12
1691216.0,4.000355602329364e-12
1694416.0,4.000355602329364e-12
1697616.0,4.000355602329364e-12
1700816.0,4.000355602329364e-12
1704016.0,4.000355602329364e-12
1707216.0,4.000355602329364e-12
1710416.0,4.000355602329364e-12
1713616.0,4.000355602329364e-12
1716816.0,4.000355602329364e-12
1720016.0,4.000355602329364e-12
1723216.0,4.000355602329364e-12
1726416.0,4.000355602329364e-12
1729616.0,4.000355602329364e-12
1732816.0,4.000355602329364e-12
1736016.0,4.000355602329364e-12
1739216.0,4.000355602329364e-12
1742416.0,4.000355602329364e-12
1745616.0,4.000355602329364e-12
1748816.0,4.000355602329364e-12
1752016.0,4.000355602329364e-12
1755216.0,4.000355602329364e-12
1758416.0,4.000355602329364e-12
1761616.0,4.000355602329364e-12
1764816.0,4.000355602329364e-12
1768016.0,4.000355602329364e-12
1771216.0,4.000355602329364e-12
1774416.0,4.000355602329364e-12
1777616.0,4.000355602329364e-12
1780816.0,4.000355602329364e-12
1784016.0,4.000355602329364e-12
1787216.0,4.000355602329364e-12
1790416.0,4.000355602329364e-12
1793616.0,4.000355602329364e-12
1796816.0,4.000355602329364e-12
1800016.0,4.000355602329364e-12
1803216.0,4.000355602329364e-12
1806416.0,4.000355602329364e-12
1809616.0,4.000355602329364e-12
1812816.0,4.000355602329364e-12
1816016.0,4.000355602329364e-12
1819216.0,4.000355602329364e-12
1822416.0,4.000355602329364e-12
1825616.0,4.000355602329364e-12
1828816.0,4.000355602329364e-12
1832016.0,4.000355602329364e-12
1835216.0,4.000355602329364e-12
1838416.0,4.000355602329364e-12
1841616.0,4.000355602329364e-12
1844816.0,4.000355602329364e-12
1848016.0,4.000355602329364e-12
1851216.0,4.000355602329364e-12
1854416.0,4.000355602329364e-12
1857616.0,4.000355602329364e-12
1860816.0,4.000355602329364e-12
1864016.0,4.000355602329364e-12
1867216.0,4.000355602329364e-12
1870416.0,4.000355602329364e-12
1873616.0,4.000355602329364e-12
1876816.0,4.000355602329364e-12
1880016.0,4.000355602329364e-12
1883216.0,4.000355602329364e-12
1886416.0,4.000355602329364e-12
1889616.0,4.000355602329364e-12
1892816.0,4.000355602329364e-12
1896016.0,4.000355602329364e-12
1899216.0,4.000355602329364e-12
1902416.0,4.000355602329364e-12
1905616.0,4.000355602329364e-12
1908816.0,4.000355602329364e-12
1912016.0,4.000355602329364e-12
1915216.0,4.000355602329364e-12
1918416.0,4.000355602329364e-12
1921616.0,4.000355602329364e-12
1924816.0,4.000355602329364e-12
1928016.0,4.000355602329364e-12
1931216.0,4.000355602329364e-12
1934416.0,4.000355602329364e-12
1937616.0,4.000355602329364e-12
1940816.0,4.000355602329364e-12
1944016.0,4.000355602329364e-12
1947216.0,4.000355602329364e-12
1950416.0,4.000355602329364e-12
1953616.0,4.000355602329364e-12
1956816.0,4.000355602329364e-12
1960016.0,4.000355602329364e-12
1963216.0,4.000355602329364e-12
1966416.0,4.000355602329364e-12
1969616.0,4.000355602329364e-12
1972816.0,4.000355602329364e-12
1976016.0,4.000355602329364e-12
1979216.0,4.000355602329364e-12
1982416.0,4.000355602329364e-12
1985616.0,4.000355602329364e-12
1988816.0,4.000355602329364e-12
1992016.0,4.000355602329364e-12
1995216.0,4.000355602329364e-12
1998416.0,4.000355602329364e-12
2001616.0,4.000355602329364e-12
2004816.0,4.000355602329364e-12
2008016.0,4.000355602329364e-12
2011216.0,4.000355602329364e-12
2014416.0,4.000355602329364e-12
2017616.0,4.000355602329364e-12
2020816.0,4.000355602329364e-12
2024016.0,4.000355602329364e-12
2027216.0,4.000355602329364e-12
2030416.0,4.000355602329364e-12
2033616.0,4.000355602329364e-12
2036816.0,4.000355602329364e-12
2040016.0,4.000355602329364e-12
2043216.0,4.000355602329364e-12
2046416.0,4.000355602329364e-12
2049616.0,4.000355602329364e-12
2052816.0,4.000355602329364e-12
2056016.0,4.000355602329364e-12
2059216.0,4.000355602329364e-12
2062416.0,4.000355602329364e-12
2065616.0,4.000355602329364e-12
2068816.0,4.000355602329364e-12
2072016.0,4.000355602329364e-12
2075216.0,4.000355602329364e-12
2078416.0,4.000355602329364e-12
2081616.0,4.000355602329364e-12
2084816.0,4.000355602329364e-12
2088016.0,4.000355602329364e-12
2091216.0,4.000355602329364e-12
2094416.0,4.000355602329364e-12
2097616.0,4.000355602329364e-12
2100816.0,4.000355602329364e-12
2104016.0,4.000355602329364e-12
2107216.0,4.000355602329364e-12
2110416.0,4.000355602329364e-12
2113616.0,4.000355602329364e-12
2116816.0,4.000355602329364e-12
2120016.0,4.000355602329364e-12
2123216.0,4.000355602329364e-12
2126416.0,4.000355602329364e-12
2129616.0,4.000355602329364e-12
2132816.0,4.000355602329364e-12
2136016.0,4.000355602329364e-12
2139216.0,4.000355602329364e-12
2142416.0,4.000355602329364e-12
2145616.0,4.000355602329364e-12
2148816.0,4.000355602329364e-12
2152016.0,4.000355602329364e-12
2155216.0,4.000355602329364e-12
2158416.0,4.000355602329364e-12
2161616.0,4.000355602329364e-12
2164816.0,4.000355602329364e-12
2168016.0,4.000355602329364e-12
2171216.0,4.000355602329364e-12
2174416.0,4.000355602329364e-12
2177616.0,4.000355602329364e-12
2180816.0,4.000355602329364e-12
2184016.0,4.000355602329364e-12
2187216.0,4.000355602329364e-12
2190416.0,4.000355602329364e-12
2193616.0,4.000355602329364e-12
2196816.0,4.000355602329364e-12
2200016.0,4.000355602329364e-12
2203216.0,4.000355602329364e-12
2206416.0,4.000355602329364e-12
2209616.0,4.000355602329364e-12
2212816.0,4.000355602329364e-12
2216016.0,4.000355602329364e-12
2219216.0,4.000355602329364e-12
2222416.0,4.000355602329364e-12
2225616.0,4.000355602329364e-12
2228816.0,4.000355602329364e-12
2232016.0,4.000355602329364e-12
2235216.0,4.000355602329364e-12
2238416.0,4.000355602329364e-12
2241616.0,4.000355602329364e-12
2244816.0,4.000355602329364e-12
2248016.0,4.000355602329364e-12
2251216.0,4.000355602329364e-12
2254416.0,4.000355602329364e-12
2257616.0,4.000355602329364e-12
2260816.0,4.000355602329364e-12
2264016.0,4.000355602329364e-12
2267216.0,4.000355602329364e-12
2270416.0,4.000355602329364e-12
2273616.0,4.000355602329364e-12
2276816.0,4.000355602329364e-12
2280016.0,4.000355602329364e-12
2283216.0,4.000355602329364e-12
2286416.0,4.000355602329364e-12
2289616.0,4.000355602329364e-12
2292816.0,4.000355602329364e-12
2296016.0,4.000355602329364e-12
2299216.0,4.000355602329364e-12
2302416.0,4.000355602329364e-12
2305616.0,4.000355602329364e-12
2308816.0,4.000355602329364e-12
2312016.0,4.000355602329364e-12
2315216.0,4.000355602329364e-12
2318416.0,4.000355602329364e-12
2321616.0,4.000355602329364e-12
2324816.0,4.000355602329364e-12
2328016.0,4.000355602329364e-12
2331216.0,4.000355602329364e-12
2334416.0,4.000355602329364e-12
2337616.0,4.000355602329364e-12
2340816.0,4.000355602329364e-12
2344016.0,4.000355602329364e-12
2347216.0,4.000355602329364e-12
2350416.0,4.000355602329364e-12
2353616.0,4.000355602329364e-12
2356816.0,4.000355602329364e-12
2360016.0,4.000355602329364e-12
2363216.0,4.000355602329364e-12
2366416.0,4.000355602329364e-12
2369616.0,4.000355602329364e-12
2372816.0,4.000355602329364e-12
2376016.0,4.000355602329364e-12
2379216.0,4.000355602329364e-12
2382416.0,4.000355602329364e-12
2385616.0,4.000355602329364e-12
2388816.0,4.000355602329364e-12
2392016.0,4.000355602329364e-12
2395216.0,4.000355602329364e-12
2398416.0,4.000355602329364e-12
2401616.0,4.000355602329364e-12
2404816.0,4.000355602329364e-12
2408016.0,4.000355602329364e-12
2411216.0,4.000355602329364e-12
2414416.0,4.000355602329364e-12
2417616.0,4.000355602329364e-12
2420816.0,4.000355602329364e-12
2424016.0,4.000355602329364e-12
2427216.0,4.000355602329364e-12
2430416.0,4.000355602329364e-12
2433616.0,4.000355602329364e-12
2436816.0,4.000355602329364e-12
2440016.0,4.000355602329364e-12
2443216.0,4.000355602329364e-12
2446416.0,4.000355602329364e-12
2449616.0,4.000355602329364e-12
2452816.0,4.000355602329364e-12
2456016.0,4.000355602329364e-12
2459216.0,4.000355602329364e-12
2462416.0,4.000355602329364e-12
2465616.0,4.000355602329364e-12
2468816.0,4.000355602329364e-12
2472016.0,4.000355602329364e-12
2475216.0,4.000355602329364e-12
2478416.0,4.000355602329364e-12
2481616.0,4.000355602329364e-12
2484816.0,4.000355602329364e-12
2488016.0,4.000355602329364e-12
2491216.0,4.000355602329364e-12
2494416.0,4.000355602329364e-12
2497616.0,4.000355602329364e-12
2500816.0,4.000355602329364e-12
2504016.0,4.000355602329364e-12
2507216.0,4.000355602329364e-12
2510416.0,4.000355602329364e-12
2513616.0,4.000355602329364e-12
2516816.0,4.000355602329364e-12
2520016.0,4.000355602329364e-12
2523216.0,4.000355602329364e-12
2526416.0,4.000355602329364e-12
2529616.0,4.000355602329364e-12
2532816.0,4.000355602329364e-12
2536016.0,4.000355602329364e-12
2539216.0,4.000355602329364e-12
2542416.0,4.000355602329364e-12
2545616.0,4.000355602329364e-12
2548816.0,4.000355602329364e-12
2552016.0,4.000355602329364e-12
2555216.0,4.000355602329364e-12
2558416.0,4.000355602329364e-12
2561616.0,4.000355602329364e-12
2564816.0,4.000355602329364e-12
2568016.0,4.000355602329364e-12
2571216.0,4.000355602329364e-12
2574416.0,4.000355602329364e-12
2577616.0,4.000355602329364e-12
2580816.0,4.000355602329364e-12
2584016.0,4.000355602329364e-12
2587216.0,4.000355602329364e-12
2590416.0,4.000355602329364e-12
2593616.0,4.000355602329364e-12
2596816.0,4.000355602329364e-12
2600016.0,4.000355602329364e-12
2603216.0,4.000355602329364e-12
2606416.0,4.000355602329364e-12
2609616.0,4.000355602329364e-12
2612816.0,4.000355602329364e-12
2616016.0,4.000355602329364e-12
2619216.0,4.000355602329364e-12
2622416.0,4.000355602329364e-12
2625616.0,4.000355602329364e-12
2628816.0,4.000355602329364e-12
2632016.0,4.000355602329364e-12
2635216.0,4.000355602329364e-12
2638416.0,4.000355602329364e-12
2641616.0,4.000355602329364e-12
2644816.0,4.000355602329364e-12
2648016.0,4.000355602329364e-12
2651216.0,4.000355602329364e-12
2654416.0,4.000355602329364e-12
2657616.0,4.000355602329364e-12
2660816.0,4.000355602329364e-12
2664016.0,4.000355602329364e-12
2667216.0,4.000355602329364e-12
2670416.0,4.000355602329364e-12
2673616.0,4.000355602329364e-12
2676816.0,4.000355602329364e-12
2680016.0,4.000355602329364e-12
2683216.0,4.000355602329364e-12
2686416.0,4.000355602329364e-12
2689616.0,4.000355602329364e-12
2692816.0,4.000355602329364e-12
2696016.0,4.000355602329364e-12
2699216.0,4.000355602329364e-12
2702416.0,4.000355602329364e-12
2705616.0,4.000355602329364e-12
2708816.0,4.000355602329364e-12
2712016.0,4.000355602329364e-12
2715216.0,4.000355602329364e-12
2718416.0,4.000355602329364e-12
2721616.0,4.000355602329364e-12
2724816.0,4.000355602329364e-12
2728016.0,4.000355602329364e-12
2731216.0,4.000355602329364e-12
2734416.0,4.000355602329364e-12
2737616.0,4.000355602329364e-12
2740816.0,4.000355602329364e-12
2744016.0,4.000355602329364e-12
2747216.0,4.000355602329364e-12
2750416.0,4.000355602329364e-12
2753616.0,4.000355602329364e-12
2756816.0,4.000355602329364e-12
2760016.0,4.000355602329364e-12
2763216.0,4.000355602329364e-12
2766416.0,4.000355602329364e-12
2769616.0,4.000355602329364e-12
2772816.0,4.000355602329364e-12
2776016.0,4.000355602329364e-12
2779216.0,4.000355602329364e-12
2782416.0,4.000355602329364e-12
2785616.0,4.000355602329364e-12
2788816.0,4.000355602329364e-12
2792016.0,4.000355602329364e-12
2795216.0,4.000355602329364e-12
2798416.0,4.000355602329364e-12
2801616.0,4.000355602329364e-12
2804816.0,4.000355602329364e-12
2808016.0,4.000355602329364e-12
2811216.0,4.000355602329364e-12
2814416.0,4.000355602329364e-12
2817616.0,4.000355602329364e-12
2820816.0,4.000355602329364e-12
2824016.0,4.000355602329364e-12
2827216.0,4.000355602329364e-12
2830416.0,4.000355602329364e-12
2833616.0,4.000355602329364e-12
2836816.0,4.000355602329364e-12
2840016.0,4.000355602329364e-12
2843216.0,4.000355602329364e-12
2846416.0,4.000355602329364e-12
2849616.0,4.000355602329364e-12
2852816.0,4.000355602329364e-12
2856016.0,4.000355602329364e-12
2859216.0,4.000355602329364e-12
2862416.0,4.000355602329364e-12
2865616.0,4.000355602329364e-12
2868816.0,4.000355602329364e-12
2872016.0,4.000355602329364e-12
2875216.0,4.000355602329364e-12
2878416.0,4.000355602329364e-12
2881616.0,4.000355602329364e-12
2884816.0,4.000355602329364e-12
2888016.0,4.000355602329364e-12
2891216.0,4.000355602329364e-12
2894416.0,4.000355602329364e-12
2897616.0,4.000355602329364e-12
2900816.0,4.000355602329364e-12
2904016.0,4.000355602329364e-12
2907216.0,4.000355602329364e-12
2910416.0,4.000355602329364e-12
2913616.0,4.000355602329364e-12
2916816.0,4.000355602329364e-12
2920016.0,4.000355602329364e-12
2923216.0,4.000355602329364e-12
2926416.0,4.000355602329364e-12
2929616.0,4.000355602329364e-12
2932816.0,4.000355602329364e-12
2936016.0,4.000355602329364e-12
2939216.0,4.000355602329364e-12
2942416.0,4.000355602329364e-12
2945616.0,4.000355602329364e-12
2948816.0,4.000355602329364e-12
2952016.0,4.000355602329364e-12
2955216.0,4.000355602329364e-12
2958416.0,4.000355602329364e-12
2961616.0,4.000355602329364e-12
2964816.0,4.000355602329364e-12
2968016.0,4.000355602329364e-12
2971216.0,4.000355602329364e-12
2974416.0,4.000355602329364e-12
2977616.0,4.000355602329364e-12
2980816.0,4.000355602329364e-12
2984016.0,4.000355602329364e-12
2987216.0,4.000355602329364e-12
2990416.0,4.000355602329364e-12
2993616.0,4.000355602329364e-12
2996816.0,4.000355602329364e-12
3000016.0,4.000355602329364e-12
3003216.0,4.000355602329364e-12
3006416.0,4.000355602329364e-12
3009616.0,4.000355602329364e-12
3012816.0,4.000355602329364e-12
3016016.0,4.000355602329364e-12
3019216.0,4.000355602329364e-12
3022416.0,4.000355602329364e-12
3025616.0,4.000355602329364e-12
3028816.0,4.000355602329364e-12
3032016.0,4.000355602329364e-12
3035216.0,4.000355602329364e-12
3038416.0,4.000355602329364e-12
3041616.0,4.000355602329364e-12
3044816.0,4.000355602329364e-12
3048016.0,4.000355602329364e-12
3051216.0,4.000355602329364e-12
3054416.0,4.000355602329364e-12
3057616.0,4.000355602329364e-12
3060816.0,4.000355602329364e-12
3064016.0,4.000355602329364e-12
3067216.0,4.000355602329364e-12
3070416.0,4.000355602329364e-12
3073616.0,4.000355602329364e-12
3076816.0,4.000355602329364e-12
3080016.0,4.000355602329364e-12
3083216.0,4.000355602329364e-12
3086416.0,4.000355602329364e-12
3089616.0,4.000355602329364e-12
3092816.0,4.000355602329364e-12
3096016.0,4.000355602329364e-12
3099216.0,4.000355602329364e-12
3102416.0,4.000355602329364e-12
3105616.0,4.000355602329364e-12
3108816.0,4.000355602329364e-12
3112016.0,4.000355602329364e-12
3115216.0,4.000355602329364e-12
3118416.0,4.000355602329364e-12
3121616.0,4.000355602329364e-12
3124816.0,4.000355602329364e-12
3128016.0,4.000355602329364e-12
3131216.0,4.000355602329364e-12
3134416.0,4.000355602329364e-12
3137616.0,4.000355602329364e-12
3140816.0,4.000355602329364e-12
3144016.0,4.000355602329364e-12
3147216.0,4.000355602329364e-12
3150416.0,4.000355602329364e-12
3153616.0,4.000355602329364e-12
3156816.0,4.000355602329364e-12
3160016.0,4.000355602329364e-12
3163216.0,4.000355602329364e-12
3166416.0,4.000355602329364e-12
3169616.0,4.000355602329364e-12
3172816.0,4.000355602329364e-12
3176016.0,4.000355602329364e-12
3179216.0,4.000355602329364e-12
3182416.0,4.000355602329364e-12
3185616.0,4.000355602329364e-12
3188816.0,4.000355602329364e-12
3192016.0,4.000355602329364e-12
3195216.0,4.000355602329364e-12
3198416.0,4.000355602329364e-12
3201616.0,4.000355602329364e-12
3204816.0,4.000355602329364e-12
3208016.0,4.000355602329364e-12
3211216.0,4.000355602329364e-12
3214416.0,4.000355602329364e-12
3217616.0,4.000355602329364e-12
3220816.0,4.000355602329364e-12
3224016.0,4.000355602329364e-12
3227216.0,4.000355602329364e-12
3230416.0,4.000355602329364e-12
3233616.0,4.000355602329364e-12
3236816.0,4.000355602329364e-12
3240016.0,4.000355602329364e-12
3243216.0,4.000355602329364e-12
3246416.0,4.000355602329364e-12
3249616.0,4.000355602329364e-12
3252816.0,4.000355602329364e-12
3256016.0,4.000355602329364e-12
3259216.0,4.000355602329364e-12
3262416.0,4.000355602329364e-12
3265616.0,4.000355602329364e-12
3268816.0,4.000355602329364e-12
3272016.0,4.000355602329364e-12
3275216.0,4.000355602329364e-12
3278416.0,4.000355602329364e-12
3281616.0,4.000355602329364e-12
3284816.0,4.000355602329364e-12
3288016.0,4.000355602329364e-12
3291216.0,4.000355602329364e-12
3294416.0,4.000355602329364e-12
3297616.0,4.000355602329364e-12
3300816.0,4.000355602329364e-12
3304016.0,4.000355602329364e-12
3307216.0,4.000355602329364e-12
3310416.0,4.000355602329364e-12
3313616.0,4.000355602329364e-12
3316816.0,4.000355602329364e-12
3320016.0,4.000355602329364e-12
3323216.0,4.000355602329364e-12
3326416.0,4.000355602329364e-12
3329616.0,4.000355602329364e-12
3332816.0,4.000355602329364e-12
3336016.0,4.000355602329364e-12
3339216.0,4.000355602329364e-12
3342416.0,4.000355602329364e-12
3345616.0,4.000355602329364e-12
3348816.0,4.000355602329364e-12
3352016.0,4.000355602329364e-12
3355216.0,4.000355602329364e-12
3358416.0,4.000355602329364e-12
3361616.0,4.000355602329364e-12
3364816.0,4.000355602329364e-12
3368016.0,4.000355602329364e-12
3371216.0,4.000355602329364e-12
3374416.0,4.000355602329364e-12
3377616.0,4.000355602329364e-12
3380816.0,4.000355602329364e-12
3384016.0,4.000355602329364e-12
3387216.0,4.000355602329364e-12
3390416.0,4.000355602329364e-12
3393616.0,4.000355602329364e-12
3396816.0,4.000355602329364e-12
3400016.0,4.000355602329364e-12
3403216.0,4.000355602329364e-12
3406416.0,4.000355602329364e-12
3409616.0,4.000355602329364e-12
3412816.0,4.000355602329364e-12
3416016.0,4.000355602329364e-12
3419216.0,4.000355602329364e-12
3422416.0,4.000355602329364e-12
3425616.0,4.000355602329364e-12
3428816.0,4.000355602329364e-12
3432016.0,4.000355602329364e-12
3435216.0,4.000355602329364e-12
3438416.0,4.000355602329364e-12
3441616.0,4.000355602329364e-12
3444816.0,4.000355602329364e-12
3448016.0,4.000355602329364e-12
3451216.0,4.000355602329364e-12
3454416.0,4.000355602329364e-12
3457616.0,4.000355602329364e-12
3460816.0,4.000355602329364e-12
3464016.0,4.000355602329364e-12
3467216.0,4.000355602329364e-12
3470416.0,4.000355602329364e-12
3473616.0,4.000355602329364e-12
3476816.0,4.000355602329364e-12
3480016.0,4.000355602329364e-12
3483216.0,4.000355602329364e-12
3486416.0,4.000355602329364e-12
3489616.0,4.000355602329364e-12
3492816.0,4.000355602329364e-12
3496016.0,4.000355602329364e-12
3499216.0,4.000355602329364e-12
3502416.0,4.000355602329364e-12
3505616.0,4.000355602329364e-12
3508816.0,4.000355602329364e-12
3512016.0,4.000355602329364e-12
3515216.0,4.000355602329364e-12
3518416.0,4.000355602329364e-12
3521616.0,4.000355602329364e-12
3524816.0,4.000355602329364e-12
3528016.0,4.000355602329364e-12
3531216.0,4.000355602329364e-12
3534416.0,4.000355602329364e-12
3537616.0,4.000355602329364e-12
3540816.0,4.000355602329364e-12
3544016.0,4.000355602329364e-12
3547216.0,4.000355602329364e-12
3550416.0,4.000355602329364e-12
3553616.0,4.000355602329364e-12
3556816.0,4.000355602329364e-12
3560016.0,4.000355602329364e-12
3563216.0,4.000355602329364e-12
3566416.0,4.000355602329364e-12
3569616.0,4.000355602329364e-12
3572816.0,4.000355602329364e-12
3576016.0,4.000355602329364e-12
3579216.0,4.000355602329364e-12
3582416.0,4.000355602329364e-12
3585616.0,4.000355602329364e-12
3588816.0,4.000355602329364e-12
3592016.0,4.000355602329364e-12
3595216.0,4.000355602329364e-12
3598416.0,4.000355602329364e-12
3601616.0,4.000355602329364e-12
3604816.0,4.000355602329364e-12
3608016.0,4.000355602329364e-12
3611216.0,4.000355602329364e-12
3614416.0,4.000355602329364e-12
3617616.0,4.000355602329364e-12
3620816.0,4.000355602329364e-12
3624016.0,4.000355602329364e-12
3627216.0,4.000355602329364e-12
3630416.0,4.000355602329364e-12
3633616.0,4.000355602329364e-12
3636816.0,4.000355602329364e-12
3640016.0,4.000355602329364e-12
3643216.0,4.000355602329364e-12
3646416.0,4.000355602329364e-12
3649616.0,4.000355602329364e-12
3652816.0,4.000355602329364e-12
3656016.0,4.000355602329364e-12
3659216.0,4.000355602329364e-12
3662416.0,4.000355602329364e-12
3665616.0,4.000355602329364e-12
3668816.0,4.000355602329364e-12
3672016.0,4.000355602329364e-12
3675216.0,4.000355602329364e-12
3678416.0,4.000355602329364e-12
3681616.0,4.000355602329364e-12
3684816.0,4.000355602329364e-12
3688016.0,4.000355602329364e-12
3691216.0,4.000355602329364e-12
3694416.0,4.000355602329364e-12
3697616.0,4.000355602329364e-12
3700816.0,4.000355602329364e-12
3704016.0,4.000355602329364e-12
3707216.0,4.000355602329364e-12
3710416.0,4.000355602329364e-12
3713616.0,4.000355602329364e-12
3716816.0,4.000355602329364e-12
3720016.0,4.000355602329364e-12
3723216.0,4.000355602329364e-12
3726416.0,4.000355602329364e-12
3729616.0,4.000355602329364e-12
3732816.0,4.000355602329364e-12
3736016.0,4.000355602329364e-12
3739216.0,4.000355602329364e-12
3742416.0,4.000355602329364e-12
3745616.0,4.000355602329364e-12
3748816.0,4.000355602329364e-12
3752016.0,4.000355602329364e-12
3755216.0,4.000355602329364e-12
3758416.0,4.000355602329364e-12
3761616.0,4.000355602329364e-12
3764816.0,4.000355602329364e-12
3768016.0,4.000355602329364e-12
3771216.0,4.000355602329364e-12
3774416.0,4.000355602329364e-12
3777616.0,4.000355602329364e-12
3780816.0,4.000355602329364e-12
3784016.0,4.000355602329364e-12
3787216.0,4.000355602329364e-12
3790416.0,4.000355602329364e-12
3793616.0,4.000355602329364e-12
3796816.0,4.000355602329364e-12
3800016.0,4.000355602329364e-12
3803216.0,4.000355602329364e-12
3806416.0,4.000355602329364e-12
3809616.0,4.000355602329364e-12
3812816.0,4.000355602329364e-12
3816016.0,4.000355602329364e-12
3819216.0,4.000355602329364e-12
3822416.0,4.000355602329364e-12
3825616.0,4.000355602329364e-12
3828816.0,4.000355602329364e-12
3832016.0,4.000355602329364e-12
3835216.0,4.000355602329364e-12
3838416.0,4.000355602329364e-12
3841616.0,4.000355602329364e-12
3844816.0,4.000355602329364e-12
3848016.0,4.000355602329364e-12
3851216.0,4.000355602329364e-12
3854416.0,4.000355602329364e-12
3857616.0,4.000355602329364e-12
3860816.0,4.000355602329364e-12
3864016.0,4.000355602329364e-12
3867216.0,4.000355602329364e-12
3870416.0,4.000355602329364e-12
3873616.0,4.000355602329364e-12
3876816.0,4.000355602329364e-12
3880016.0,4.000355602329364e-12
3883216.0,4.000355602329364e-12
3886416.0,4.000355602329364e-12
3889616.0,4.000355602329364e-12
3892816.0,4.000355602329364e-12
3896016.0,4.000355602329364e-12
3899216.0,4.000355602329364e-12
3902416.0,4.000355602329364e-12
3905616.0,4.000355602329364e-12
3908816.0,4.000355602329364e-12
3912016.0,4.000355602329364e-12
3915216.0,4.000355602329364e-12
3918416.0,4.000355602329364e-12
3921616.0,4.000355602329364e-12
3924816.0,4.000355602329364e-12
3928016.0,4.000355602329364e-12
3931216.0,4.000355602329364e-12
3934416.0,4.000355602329364e-12
3937616.0,4.000355602329364e-12
3940816.0,4.000355602329364e-12
3944016.0,4.000355602329364e-12
3947216.0,4.000355602329364e-12
3950416.0,4.000355602329364e-12
3953616.0,4.000355602329364e-12
3956816.0,4.000355602329364e-12
3960016.0,4.000355602329364e-12
3963216.0,4.000355602329364e-12
3966416.0,4.000355602329364e-12
3969616.0,4.000355602329364e-12
3972816.0,4.000355602329364e-12
3976016.0,4.000355602329364e-12
3979216.0,4.000355602329364e-12
3982416.0,4.000355602329364e-12
3985616.0,4.000355602329364e-12
3988816.0,4.000355602329364e-12
3992016.0,4.000355602329364e-12
3995216.0,4.000355602329364e-12
3998416.0,4.000355602329364e-12
4001616.0,4.000355602329364e-12
4004816.0,4.000355602329364e-12
4008016.0,4.000355602329364e-12
4011216.0,4.000355602329364e-12
4014416.0,4.000355602329364e-12
4017616.0,4.000355602329364e-12
4020816.0,4.000355602329364e-12
4024016.0,4.000355602329364e-12
4027216.0,4.000355602329364e-12
4030416.0,4.000355602329364e-12
4033616.0,4.000355602329364e-12
4036816.0,4.000355602329364e-12
4040016.0,4.000355602329364e-12
4043216.0,4.000355602329364e-12
4046416.0,4.000355602329364e-12
4049616.0,4.000355602329364e-12
4052816.0,4.000355602329364e-12
4056016.0,4.000355602329364e-12
4059216.0,4.000355602329364e-12
4062416.0,4.000355602329364e-12
4065616.0,4.000355602329364e-12
4068816.0,4.000355602329364e-12
4072016.0,4.000355602329364e-12
4075216.0,4.000355602329364e-12
4078416.0,4.000355602329364e-12
4081616.0,4.000355602329364e-12
4084816.0,4.000355602329364e-12
4088016.0,4.000355602329364e-12
4091216.0,4.000355602329364e-12
4094416.0,4.000355602329364e-12
4097616.0,4.000355602329364e-12
4100816.0,4.000355602329364e-12
4104016.0,4.000355602329364e-12
4107216.0,4.000355602329364e-12
4110416.0,4.000355602329364e-12
4113616.0,4.000355602329364e-12
4116816.0,4.000355602329364e-12
4120016.0,4.000355602329364e-12
4123216.0,4.000355602329364e-12
4126416.0,4.000355602329364e-12
4129616.0,4.000355602329364e-12
4132816.0,4.000355602329364e-12
4136016.0,4.000355602329364e-12
4139216.0,4.000355602329364e-12
4142416.0,4.000355602329364e-12
4145616.0,4.000355602329364e-12
4148816.0,4.000355602329364e-12
4152016.0,4.000355602329364e-12
4155216.0,4.000355602329364e-12
4158416.0,4.000355602329364e-12
4161616.0,4.000355602329364e-12
4164816.0,4.000355602329364e-12
4168016.0,4.000355602329364e-12
4171216.0,4.000355602329364e-12
4174416.0,4.000355602329364e-12
4177616.0,4.000355602329364e-12
4180816.0,4.000355602329364e-12
4184016.0,4.000355602329364e-12
4187216.0,4.000355602329364e-12
4190416.0,4.000355602329364e-12
4193616.0,4.000355602329364e-12
4196816.0,4.000355602329364e-12
4200016.0,4.000355602329364e-12
4203216.0,4.000355602329364e-12
4206416.0,4.000355602329364e-12
4209616.0,4.000355602329364e-12
4212816.0,4.000355602329364e-12
4216016.0,4.000355602329364e-12
4219216.0,4.000355602329364e-12
4222416.0,4.000355602329364e-12
4225616.0,4.000355602329364e-12
4228816.0,4.000355602329364e-12
4232016.0,4.000355602329364e-12
4235216.0,4.000355602329364e-12
4238416.0,4.000355602329364e-12
4241616.0,4.000355602329364e-12
4244816.0,4.000355602329364e-12
4248016.0,4.000355602329364e-12
4251216.0,4.000355602329364e-12
4254416.0,4.000355602329364e-12
4257616.0,4.000355602329364e-12
4260816.0,4.000355602329364e-12
4264016.0,4.000355602329364e-12
4267216.0,4.000355602329364e-12
4270416.0,4.000355602329364e-12
4273616.0,4.000355602329364e-12
4276816.0,4.000355602329364e-12
4280016.0,4.000355602329364e-12
4283216.0,4.000355602329364e-12
4286416.0,4.000355602329364e-12
4289616.0,4.000355602329364e-12
4292816.0,4.000355602329364e-12
4296016.0,4.000355602329364e-12
4299216.0,4.000355602329364e-12
4302416.0,4.000355602329364e-12
4305616.0,4.000355602329364e-12
4308816.0,4.000355602329364e-12
4312016.0,4.000355602329364e-12
4315216.0,4.000355602329364e-12
4318416.0,4.000355602329364e-12
4321616.0,4.000355602329364e-12
4324816.0,4.000355602329364e-12
4328016.0,4.000355602329364e-12
4331216.0,4.000355602329364e-12
4334416.0,4.000355602329364e-12
4337616.0,4.000355602329364e-12
4340816.0,4.000355602329364e-12
4344016.0,4.000355602329364e-12
4347216.0,4.000355602329364e-12
4350416.0,4.000355602329364e-12
4353616.0,4.000355602329364e-12
4356816.0,4.000355602329364e-12
4360016.0,4.000355602329364e-12
4363216.0,4.000355602329364e-12
4366416.0,4.000355602329364e-12
4369616.0,4.000355602329364e-12
4372816.0,4.000355602329364e-12
4376016.0,4.000355602329364e-12
4379216.0,4.000355602329364e-12
4382416.0,4.000355602329364e-12
4385616.0,4.000355602329364e-12
4388816.0,4.000355602329364e-12
4392016.0,4.000355602329364e-12
4395216.0,4.000355602329364e-12
4398416.0,4.000355602329364e-12
4401616.0,4.000355602329364e-12
4404816.0,4.000355602329364e-12
4408016.0,4.000355602329364e-12
4411216.0,4.000355602329364e-12
4414416.0,4.000355602329364e-12
4417616.0,4.000355602329364e-12
4420816.0,4.000355602329364e-12
4424016.0,4.000355602329364e-12
4427216.0,4.000355602329364e-12
4430416.0,4.000355602329364e-12
4433616.0,4.000355602329364e-12
4436816.0,4.000355602329364e-12
4440016.0,4.000355602329364e-12
4443216.0,4.000355602329364e-12
4446416.0,4.000355602329364e-12
4449616.0,4.000355602329364e-12
4452816.0,4.000355602329364e-12
4456016.0,4.000355602329364e-12
4459216.0,4.000355602329364e-12
4462416.0,4.000355602329364e-12
4465616.0,4.000355602329364e-12
4468816.0,4.000355602329364e-12
4472016.0,4.000355602329364e-12
4475216.0,4.000355602329364e-12
4478416.0,4.000355602329364e-12
4481616.0,4.000355602329364e-12
4484816.0,4.000355602329364e-12
4488016.0,4.000355602329364e-12
4491216.0,4.000355602329364e-12
4494416.0,4.000355602329364e-12
4497616.0,4.000355602329364e-12
4500816.0,4.000355602329364e-12
4504016.0,4.000355602329364e-12
4507216.0,4.000355602329364e-12
4510416.0,4.000355602329364e-12
4513616.0,4.000355602329364e-12
4516816.0,4.000355602329364e-12
4520016.0,4.000355602329364e-12
4523216.0,4.000355602329364e-12
4526416.0,4.000355602329364e-12
4529616.0,4.000355602329364e-12
4532816.0,4.000355602329364e-12
4536016.0,4.000355602329364e-12
4539216.0,4.000355602329364e-12
4542416.0,4.000355602329364e-12
4545616.0,4.000355602329364e-12
4548816.0,4.000355602329364e-12
4552016.0,4.000355602329364e-12
4555216.0,4.000355602329364e-12
4558416.0,4.000355602329364e-12
4561616.0,4.000355602329364e-12
4564816.0,4.000355602329364e-12
4568016.0,4.000355602329364e-12
4571216.0,4.000355602329364e-12
4574416.0,4.000355602329364e-12
4577616.0,4.000355602329364e-12
4580816.0,4.000355602329364e-12
4584016.0,4.000355602329364e-12
4587216.0,4.000355602329364e-12
4590416.0,4.000355602329364e-12
4593616.0,4.000355602329364e-12
4596816.0,4.000355602329364e-12
4600016.0,4.000355602329364e-12
4603216.0,4.000355602329364e-12
4606416.0,4.000355602329364e-12
4609616.0,4.000355602329364e-12
4612816.0,4.000355602329364e-12
4616016.0,4.000355602329364e-12
4619216.0,4.000355602329364e-12
4622416.0,4.000355602329364e-12
4625616.0,4.000355602329364e-12
4628816.0,4.000355602329364e-12
4632016.0,4.000355602329364e-12
4635216.0,4.000355602329364e-12
4638416.0,4.000355602329364e-12
4641616.0,4.000355602329364e-12
4644816.0,4.000355602329364e-12
4648016.0,4.000355602329364e-12
4651216.0,4.000355602329364e-12
4654416.0,4.000355602329364e-12
4657616.0,4.000355602329364e-12
4660816.0,4.000355602329364e-12
4664016.0,4.000355602329364e-12
4667216.0,4.000355602329364e-12
4670416.0,4.000355602329364e-12
4673616.0,4.000355602329364e-12
4676816.0,4.000355602329364e-12
4680016.0,4.000355602329364e-12
4683216.0,4.000355602329364e-12
4686416.0,4.000355602329364e-12
4689616.0,4.000355602329364e-12
4692816.0,4.000355602329364e-12
4696016.0,4.000355602329364e-12
4699216.0,4.000355602329364e-12
4702416.0,4.000355602329364e-12
4705616.0,4.000355602329364e-12
4708816.0,4.000355602329364e-12
4712016.0,4.000355602329364e-12
4715216.0,4.000355602329364e-12
4718416.0,4.000355602329364e-12
4721616.0,4.000355602329364e-12
4724816.0,4.000355602329364e-12
4728016.0,4.000355602329364e-12
4731216.0,4.000355602329364e-12
4734416.0,4.000355602329364e-12
4737616.0,4.000355602329364e-12
4740816.0,4.000355602329364e-12
4744016.0,4.000355602329364e-12
4747216.0,4.000355602329364e-12
4750416.0,4.000355602329364e-12
4753616.0,4.000355602329364e-12
4756816.0,4.000355602329364e-12
4760016.0,4.000355602329364e-12
4763216.0,4.000355602329364e-12
4766416.0,4.000355602329364e-12
4769616.0,4.000355602329364e-12
4772816.0,4.000355602329364e-12
4776016.0,4.000355602329364e-12
4779216.0,4.000355602329364e-12
4782416.0,4.000355602329364e-12
4785616.0,4.000355602329364e-12
4788816.0,4.000355602329364e-12
4792016.0,4.000355602329364e-12
4795216.0,4.000355602329364e-12
4798416.0,4.000355602329364e-12
4801616.0,4.000355602329364e-12
4804816.0,4.000355602329364e-12
4808016.0,4.000355602329364e-12
4811216.0,4.000355602329364e-12
4814416.0,4.000355602329364e-12
4817616.0,4.000355602329364e-12
4820816.0,4.000355602329364e-12
4824016.0,4.000355602329364e-12
4827216.0,4.000355602329364e-12
4830416.0,4.000355602329364e-12
4833616.0,4.000355602329364e-12
4836816.0,4.000355602329364e-12
4840016.0,4.000355602329364e-12
4843216.0,4.000355602329364e-12
4846416.0,4.000355602329364e-12
4849616.0,4.000355602329364e-12
4852816.0,4.000355602329364e-12
4856016.0,4.000355602329364e-12
4859216.0,4.000355602329364e-12
4862416.0,4.000355602329364e-12
4865616.0,4.000355602329364e-12
4868816.0,4.000355602329364e-12
4872016.0,4.000355602329364e-12
4875216.0,4.000355602329364e-12
4878416.0,4.000355602329364e-12
4881616.0,4.000355602329364e-12
4884816.0,4.000355602329364e-12
4888016.0,4.000355602329364e-12
4891216.0,4.000355602329364e-12
4894416.0,4.000355602329364e-12
4897616.0,4.000355602329364e-12
4900816.0,4.000355602329364e-12
4904016.0,4.000355602329364e-12
4907216.0,4.000355602329364e-12
4910416.0,4.000355602329364e-12
4913616.0,4.000355602329364e-12
4916816.0,4.000355602329364e-12
4920016.0,4.000355602329364e-12
4923216.0,4.000355602329364e-12
4926416.0,4.000355602329364e-12
4929616.0,4.000355602329364e-12
4932816.0,4.000355602329364e-12
4936016.0,4.000355602329364e-12
4939216.0,4.000355602329364e-12
4942416.0,4.000355602329364e-12
4945616.0,4.000355602329364e-12
4948816.0,4.000355602329364e-12
4952016.0,4.000355602329364e-12
4955216.0,4.000355602329364e-12
4958416.0,4.000355602329364e-12
4961616.0,4.000355602329364e-12
4964816.0,4.000355602329364e-12
4968016.0,4.000355602329364e-12
4971216.0,4.000355602329364e-12
4974416.0,4.000355602329364e-12
4977616.0,4.000355602329364e-12
4980816.0,4.000355602329364e-12
4984016.0,4.000355602329364e-12
4987216.0,4.000355602329364e-12
4990416.0,4.000355602329364e-12
4993616.0,4.000355602329364e-12
4996816.0,4.000355602329364e-12
5000016.0,4.000355602329364e-12
5003216.0,4.000355602329364e-12
5006416.0,4.000355602329364e-12
5009616.0,4.000355602329364e-12
5012816.0,4.000355602329364e-12
5016016.0,4.000355602329364e-12
5019216.0,4.000355602329364e-12
5022416.0,4.000355602329364e-12
5025616.0,4.000355602329364e-12
5028816.0,4.000355602329364e-12
5032016.0,4.000355602329364e-12
5035216.0,4.000355602329364e-12
5038416.0,4.000355602329364e-12
5041616.0,4.000355602329364e-12
5044816.0,4.000355602329364e-12
5048016.0,4.000355602329364e-12
5051216.0,4.000355602329364e-12
5054416.0,4.000355602329364e-12
5057616.0,4.000355602329364e-12
5060816.0,4.000355602329364e-12
5064016.0,4.000355602329364e-12
5067216.0,4.000355602329364e-12
5070416.0,4.000355602329364e-12
5073616.0,4.000355602329364e-12
5076816.0,4.000355602329364e-12
5080016.0,4.000355602329364e-12
5083216.0,4.000355602329364e-12
5086416.0,4.000355602329364e-12
5089616.0,4.000355602329364e-12
5092816.0,4.000355602329364e-12
5096016.0,4.000355602329364e-12
5099216.0,4.000355602329364e-12
5102416.0,4.000355602329364e-12
5105616.0,4.000355602329364e-12
5108816.0,4.000355602329364e-12
5112016.0,4.000355602329364e-12
5115216.0,4.000355602329364e-12
5118416.0,4.000355602329364e-12
5121616.0,4.000355602329364e-12
5124816.0,4.000355602329364e-12
5128016.0,4.000355602329364e-12
5131216.0,4.000355602329364e-12
5134416.0,4.000355602329364e-12
5137616.0,4.000355602329364e-12
5140816.0,4.000355602329364e-12
5144016.0,4.000355602329364e-12
5147216.0,4.000355602329364e-12
5150416.0,4.000355602329364e-12
5153616.0,4.000355602329364e-12
5156816.0,4.000355602329364e-12
5160016.0,4.000355602329364e-12
5163216.0,4.000355602329364e-12
5166416.0,4.000355602329364e-12
5169616.0,4.000355602329364e-12
5172816.0,4.000355602329364e-12
5176016.0,4.000355602329364e-12
5179216.0,4.000355602329364e-12
5182416.0,4.000355602329364e-12
5185616.0,4.000355602329364e-12
5188816.0,4.000355602329364e-12
5192016.0,4.000355602329364e-12
5195216.0,4.000355602329364e-12
5198416.0,4.000355602329364e-12
5201616.0,4.000355602329364e-12
5204816.0,4.000355602329364e-12
5208016.0,4.000355602329364e-12
5211216.0,4.000355602329364e-12
5214416.0,4.000355602329364e-12
5217616.0,4.000355602329364e-12
5220816.0,4.000355602329364e-12
5224016.0,4.000355602329364e-12
5227216.0,4.000355602329364e-12
5230416.0,4.000355602329364e-12
5233616.0,4.000355602329364e-12
5236816.0,4.000355602329364e-12
5240016.0,4.000355602329364e-12
5243216.0,4.000355602329364e-12
5246416.0,4.000355602329364e-12
5249616.0,4.000355602329364e-12
5252816.0,4.000355602329364e-12
5256016.0,4.000355602329364e-12
5259216.0,4.000355602329364e-12
5262416.0,4.000355602329364e-12
5265616.0,4.000355602329364e-12
5268816.0,4.000355602329364e-12
5272016.0,4.000355602329364e-12
5275216.0,4.000355602329364e-12
5278416.0,4.000355602329364e-12
5281616.0,4.000355602329364e-12
5284816.0,4.000355602329364e-12
5288016.0,4.000355602329364e-12
5291216.0,4.000355602329364e-12
5294416.0,4.000355602329364e-12
5297616.0,4.000355602329364e-12
5300816.0,4.000355602329364e-12
5304016.0,4.000355602329364e-12
5307216.0,4.000355602329364e-12
5310416.0,4.000355602329364e-12
5313616.0,4.000355602329364e-12
5316816.0,4.000355602329364e-12
5320016.0,4.000355602329364e-12
5323216.0,4.000355602329364e-12
5326416.0,4.000355602329364e-12
5329616.0,4.000355602329364e-12
5332816.0,4.000355602329364e-12
5336016.0,4.000355602329364e-12
5339216.0,4.000355602329364e-12
5342416.0,4.000355602329364e-12
5345616.0,4.000355602329364e-12
5348816.0,4.000355602329364e-12
5352016.0,4.000355602329364e-12
5355216.0,4.000355602329364e-12
5358416.0,4.000355602329364e-12
5361616.0,4.000355602329364e-12
5364816.0,4.000355602329364e-12
5368016.0,4.000355602329364e-12
5371216.0,4.000355602329364e-12
5374416.0,4.000355602329364e-12
5377616.0,4.000355602329364e-12
5380816.0,4.000355602329364e-12
5384016.0,4.000355602329364e-12
5387216.0,4.000355602329364e-12
5390416.0,4.000355602329364e-12
5393616.0,4.000355602329364e-12
5396816.0,4.000355602329364e-12
5400016.0,4.000355602329364e-12
5403216.0,4.000355602329364e-12
5406416.0,4.000355602329364e-12
5409616.0,4.000355602329364e-12
5412816.0,4.000355602329364e-12
5416016.0,4.000355602329364e-12
5419216.0,4.000355602329364e-12
5422416.0,4.000355602329364e-12
5425616.0,4.000355602329364e-12
5428816.0,4.000355602329364e-12
5432016.0,4.000355602329364e-12
5435216.0,4.000355602329364e-12
5438416.0,4.000355602329364e-12
5441616.0,4.000355602329364e-12
5444816.0,4.000355602329364e-12
5448016.0,4.000355602329364e-12
5451216.0,4.000355602329364e-12
5454416.0,4.000355602329364e-12
5457616.0,4.000355602329364e-12
5460816.0,4.000355602329364e-12
5464016.0,4.000355602329364e-12
5467216.0,4.000355602329364e-12
5470416.0,4.000355602329364e-12
5473616.0,4.000355602329364e-12
5476816.0,4.000355602329364e-12
5480016.0,4.000355602329364e-12
5483216.0,4.000355602329364e-12
5486416.0,4.000355602329364e-12
5489616.0,4.000355602329364e-12
5492816.0,4.000355602329364e-12
5496016.0,4.000355602329364e-12
5499216.0,4.000355602329364e-12
5502416.0,4.000355602329364e-12
5505616.0,4.000355602329364e-12
5508816.0,4.000355602329364e-12
5512016.0,4.000355602329364e-12
5515216.0,4.000355602329364e-12
5518416.0,4.000355602329364e-12
5521616.0,4.000355602329364e-12
5524816.0,4.000355602329364e-12
5528016.0,4.000355602329364e-12
5531216.0,4.000355602329364e-12
5534416.0,4.000355602329364e-12
5537616.0,4.000355602329364e-12
5540816.0,4.000355602329364e-12
5544016.0,4.000355602329364e-12
5547216.0,4.000355602329364e-12
5550416.0,4.000355602329364e-12
5553616.0,4.000355602329364e-12
5556816.0,4.000355602329364e-12
5560016.0,4.000355602329364e-12
5563216.0,4.000355602329364e-12
5566416.0,4.000355602329364e-12
5569616.0,4.000355602329364e-12
5572816.0,4.000355602329364e-12
5576016.0,4.000355602329364e-12
5579216.0,4.000355602329364e-12
5582416.0,4.000355602329364e-12
5585616.0,4.000355602329364e-12
5588816.0,4.000355602329364e-12
5592016.0,4.000355602329364e-12
5595216.0,4.000355602329364e-12
5598416.0,4.000355602329364e-12
5601616.0,4.000355602329364e-12
5604816.0,4.000355602329364e-12
5608016.0,4.000355602329364e-12
5611216.0,4.000355602329364e-12
5614416.0,4.000355602329364e-12
5617616.0,4.000355602329364e-12
5620816.0,4.000355602329364e-12
5624016.0,4.000355602329364e-12
5627216.0,4.000355602329364e-12
5630416.0,4.000355602329364e-12
5633616.0,4.000355602329364e-12
5636816.0,4.000355602329364e-12
5640016.0,4.000355602329364e-12
5643216.0,4.000355602329364e-12
5646416.0,4.000355602329364e-12
5649616.0,4.000355602329364e-12
5652816.0,4.000355602329364e-12
5656016.0,4.000355602329364e-12
5659216.0,4.000355602329364e-12
5662416.0,4.000355602329364e-12
5665616.0,4.000355602329364e-12
5668816.0,4.000355602329364e-12
5672016.0,4.000355602329364e-12
5675216.0,4.000355602329364e-12
5678416.0,4.000355602329364e-12
5681616.0,4.000355602329364e-12
5684816.0,4.000355602329364e-12
5688016.0,4.000355602329364e-12
5691216.0,4.000355602329364e-12
5694416.0,4.000355602329364e-12
5697616.0,4.000355602329364e-12
5700816.0,4.000355602329364e-12
5704016.0,4.000355602329364e-12
5707216.0,4.000355602329364e-12
5710416.0,4.000355602329364e-12
5713616.0,4.000355602329364e-12
5716816.0,4.000355602329364e-12
5720016.0,4.000355602329364e-12
5723216.0,4.000355602329364e-12
5726416.0,4.000355602329364e-12
5729616.0,4.000355602329364e-12
5732816.0,4.000355602329364e-12
5736016.0,4.000355602329364e-12
5739216.0,4.000355602329364e-12
5742416.0,4.000355602329364e-12
5745616.0,4.000355602329364e-12
5748816.0,4.000355602329364e-12
5752016.0,4.000355602329364e-12
5755216.0,4.000355602329364e-12
5758416.0,4.000355602329364e-12
5761616.0,4.000355602329364e-12
5764816.0,4.000355602329364e-12
5768016.0,4.000355602329364e-12
5771216.0,4.000355602329364e-12
5774416.0,4.000355602329364e-12
5777616.0,4.000355602329364e-12
5780816.0,4.000355602329364e-12
5784016.0,4.000355602329364e-12
5787216.0,4.000355602329364e-12
5790416.0,4.000355602329364e-12
5793616.0,4.000355602329364e-12
5796816.0,4.000355602329364e-12
5800016.0,4.000355602329364e-12
5803216.0,4.000355602329364e-12
5806416.0,4.000355602329364e-12
5809616.0,4.000355602329364e-12
5812816.0,4.000355602329364e-12
5816016.0,4.000355602329364e-12
5819216.0,4.000355602329364e-12
5822416.0,4.000355602329364e-12
5825616.0,4.000355602329364e-12
5828816.0,4.000355602329364e-12
5832016.0,4.000355602329364e-12
5835216.0,4.000355602329364e-12
5838416.0,4.000355602329364e-12
5841616.0,4.000355602329364e-12
5844816.0,4.000355602329364e-12
5848016.0,4.000355602329364e-12
5851216.0,4.000355602329364e-12
5854416.0,4.000355602329364e-12
5857616.0,4.000355602329364e-12
5860816.0,4.000355602329364e-12
5864016.0,4.000355602329364e-12
5867216.0,4.000355602329364e-12
5870416.0,4.000355602329364e-12
5873616.0,4.000355602329364e-12
5876816.0,4.000355602329364e-12
5880016.0,4.000355602329364e-12
5883216.0,4.000355602329364e-12
5886416.0,4.000355602329364e-12
5889616.0,4.000355602329364e-12
5892816.0,4.000355602329364e-12
5896016.0,4.000355602329364e-12
5899216.0,4.000355602329364e-12
5902416.0,4.000355602329364e-12
5905616.0,4.000355602329364e-12
5908816.0,4.000355602329364e-12
5912016.0,4.000355602329364e-12
5915216.0,4.000355602329364e-12
5918416.0,4.000355602329364e-12
5921616.0,4.000355602329364e-12
5924816.0,4.000355602329364e-12
5928016.0,4.000355602329364e-12
5931216.0,4.000355602329364e-12
5934416.0,4.000355602329364e-12
5937616.0,4.000355602329364e-12
5940816.0,4.000355602329364e-12
5944016.0,4.000355602329364e-12
5947216.0,4.000355602329364e-12
5950416.0,4.000355602329364e-12
5953616.0,4.000355602329364e-12
5956816.0,4.000355602329364e-12
5960016.0,4.000355602329364e-12
5963216.0,4.000355602329364e-12
5966416.0,4.000355602329364e-12
5969616.0,4.000355602329364e-12
5972816.0,4.000355602329364e-12
5976016.0,4.000355602329364e-12
5979216.0,4.000355602329364e-12
5982416.0,4.000355602329364e-12
5985616.0,4.000355602329364e-12
5988816.0,4.000355602329364e-12
5992016.0,4.000355602329364e-12
5995216.0,4.000355602329364e-12
5998416.0,4.000355602329364e-12
6001616.0,4.000355602329364e-12
6004816.0,4.000355602329364e-12
6008016.0,4.000355602329364e-12
6011216.0,4.000355602329364e-12
6014416.0,4.000355602329364e-12
6017616.0,4.000355602329364e-12
6020816.0,4.000355602329364e-12
6024016.0,4.000355602329364e-12
6027216.0,4.000355602329364e-12
6030416.0,4.000355602329364e-12
6033616.0,4.000355602329364e-12
6036816.0,4.000355602329364e-12
6040016.0,4.000355602329364e-12
6043216.0,4.000355602329364e-12
6046416.0,4.000355602329364e-12
6049616.0,4.000355602329364e-12
6052816.0,4.000355602329364e-12
6056016.0,4.000355602329364e-12
6059216.0,4.000355602329364e-12
6062416.0,4.000355602329364e-12
6065616.0,4.000355602329364e-12
6068816.0,4.000355602329364e-12
6072016.0,4.000355602329364e-12
6075216.0,4.000355602329364e-12
6078416.0,4.000355602329364e-12
6081616.0,4.000355602329364e-12
6084816.0,4.000355602329364e-12
6088016.0,4.000355602329364e-12
6091216.0,4.000355602329364e-12
6094416.0,4.000355602329364e-12
6097616.0,4.000355602329364e-12
6100816.0,4.000355602329364e-12
6104016.0,4.000355602329364e-12
6107216.0,4.000355602329364e-12
6110416.0,4.000355602329364e-12
6113616.0,4.000355602329364e-12
6116816.0,4.000355602329364e-12
6120016.0,4.000355602329364e-12
6123216.0,4.000355602329364e-12
6126416.0,4.000355602329364e-12
6129616.0,4.000355602329364e-12
6132816.0,4.000355602329364e-12
6136016.0,4.000355602329364e-12
6139216.0,4.000355602329364e-12
6142416.0,4.000355602329364e-12
6145616.0,4.000355602329364e-12
6148816.0,4.000355602329364e-12
6152016.0,4.000355602329364e-12
6155216.0,4.000355602329364e-12
6158416.0,4.000355602329364e-12
6161616.0,4.000355602329364e-12
6164816.0,4.000355602329364e-12
6168016.0,4.000355602329364e-12
6171216.0,4.000355602329364e-12
6174416.0,4.000355602329364e-12
6177616.0,4.000355602329364e-12
6180816.0,4.000355602329364e-12
6184016.0,4.000355602329364e-12
6187216.0,4.000355602329364e-12
6190416.0,4.000355602329364e-12
6193616.0,4.000355602329364e-12
6196816.0,4.000355602329364e-12
6200016.0,4.000355602329364e-12
6203216.0,4.000355602329364e-12
6206416.0,4.000355602329364e-12
6209616.0,4.000355602329364e-12
6212816.0,4.000355602329364e-12
6216016.0,4.000355602329364e-12
6219216.0,4.000355602329364e-12
6222416.0,4.000355602329364e-12
6225616.0,4.000355602329364e-12
6228816.0,4.000355602329364e-12
6232016.0,4.000355602329364e-12
6235216.0,4.000355602329364e-12
6238416.0,4.000355602329364e-12
6241616.0,4.000355602329364e-12
6244816.0,4.000355602329364e-12
6248016.0,4.000355602329364e-12
6251216.0,4.000355602329364e-12
6254416.0,4.000355602329364e-12
6257616.0,4.000355602329364e-12
6260816.0,4.000355602329364e-12
6264016.0,4.000355602329364e-12
6267216.0,4.000355602329364e-12
6270416.0,4.000355602329364e-12
6273616.0,4.000355602329364e-12
6276816.0,4.000355602329364e-12
6280016.0,4.000355602329364e-12
6283216.0,4.000355602329364e-12
6286416.0,4.000355602329364e-12
6289616.0,4.000355602329364e-12
6292816.0,4.000355602329364e-12
6296016.0,4.000355602329364e-12
6299216.0,4.000355602329364e-12
6302416.0,4.000355602329364e-12
6305616.0,4.000355602329364e-12
6308816.0,4.000355602329364e-12
6312016.0,4.000355602329364e-12
6315216.0,4.000355602329364e-12
6318416.0,4.000355602329364e-12
6321616.0,4.000355602329364e-12
6324816.0,4.000355602329364e-12
6328016.0,4.000355602329364e-12
6331216.0,4.000355602329364e-12
6334416.0,4.000355602329364e-12
6337616.0,4.000355602329364e-12
6340816.0,4.000355602329364e-12
6344016.0,4.000355602329364e-12
6347216.0,4.000355602329364e-12
6350416.0,4.000355602329364e-12
6353616.0,4.000355602329364e-12
6356816.0,4.000355602329364e-12
6360016.0,4.000355602329364e-12
6363216.0,4.000355602329364e-12
6366416.0,4.000355602329364e-12
6369616.0,4.000355602329364e-12
6372816.0,4.000355602329364e-12
6376016.0,4.000355602329364e-12
6379216.0,4.000355602329364e-12
6382416.0,4.000355602329364e-12
6385616.0,4.000355602329364e-12
6388816.0,4.000355602329364e-12
6392016.0,4.000355602329364e-12
6395216.0,4.000355602329364e-12
6398416.0,4.000355602329364e-12
6401616.0,4.000355602329364e-12
6404816.0,4.000355602329364e-12
6408016.0,4.000355602329364e-12
6411216.0,4.000355602329364e-12
6414416.0,4.000355602329364e-12
6417616.0,4.000355602329364e-12
6420816.0,4.000355602329364e-12
6424016.0,4.000355602329364e-12
6427216.0,4.000355602329364e-12
6430416.0,4.000355602329364e-12
6433616.0,4.000355602329364e-12
6436816.0,4.000355602329364e-12
6440016.0,4.000355602329364e-12
6443216.0,4.000355602329364e-12
6446416.0,4.000355602329364e-12
6449616.0,4.000355602329364e-12
6452816.0,4.000355602329364e-12
6456016.0,4.000355602329364e-12
6459216.0,4.000355602329364e-12
6462416.0,4.000355602329364e-12
6465616.0,4.000355602329364e-12
6468816.0,4.000355602329364e-12
6472016.0,4.000355602329364e-12
6475216.0,4.000355602329364e-12
6478416.0,4.000355602329364e-12
6481616.0,4.000355602329364e-12
6484816.0,4.000355602329364e-12
6488016.0,4.000355602329364e-12
6491216.0,4.000355602329364e-12
6494416.0,4.000355602329364e-12
6497616.0,4.000355602329364e-12
6500816.0,4.000355602329364e-12
6504016.0,4.000355602329364e-12
6507216.0,4.000355602329364e-12
6510416.0,4.000355602329364e-12
6513616.0,4.000355602329364e-12
6516816.0,4.000355602329364e-12
6520016.0,4.000355602329364e-12
6523216.0,4.000355602329364e-12
6526416.0,4.000355602329364e-12
6529616.0,4.000355602329364e-12
6532816.0,4.000355602329364e-12
6536016.0,4.000355602329364e-12
6539216.0,4.000355602329364e-12
6542416.0,4.000355602329364e-12
6545616.0,4.000355602329364e-12
6548816.0,4.000355602329364e-12
6552016.0,4.000355602329364e-12
6555216.0,4.000355602329364e-12
6558416.0,4.000355602329364e-12
6561616.0,4.000355602329364e-12
6564816.0,4.000355602329364e-12
6568016.0,4.000355602329364e-12
6571216.0,4.000355602329364e-12
6574416.0,4.000355602329364e-12
6577616.0,4.000355602329364e-12
6580816.0,4.000355602329364e-12
6584016.0,4.000355602329364e-12
6587216.0,4.000355602329364e-12
6590416.0,4.000355602329364e-12
6593616.0,4.000355602329364e-12
6596816.0,4.000355602329364e-12
6600016.0,4.000355602329364e-12
6603216.0,4.000355602329364e-12
6606416.0,4.000355602329364e-12
6609616.0,4.000355602329364e-12
6612816.0,4.000355602329364e-12
6616016.0,4.000355602329364e-12
6619216.0,4.000355602329364e-12
6622416.0,4.000355602329364e-12
6625616.0,4.000355602329364e-12
6628816.0,4.000355602329364e-12
6632016.0,4.000355602329364e-12
6635216.0,4.000355602329364e-12
6638416.0,4.000355602329364e-12
6641616.0,4.000355602329364e-12
6644816.0,4.000355602329364e-12
6648016.0,4.000355602329364e-12
6651216.0,4.000355602329364e-12
6654416.0,4.000355602329364e-12
6657616.0,4.000355602329364e-12
6660816.0,4.000355602329364e-12
6664016.0,4.000355602329364e-12
6667216.0,4.000355602329364e-12
6670416.0,4.000355602329364e-12
6673616.0,4.000355602329364e-12
6676816.0,4.000355602329364e-12
6680016.0,4.000355602329364e-12
6683216.0,4.000355602329364e-12
6686416.0,4.000355602329364e-12
6689616.0,4.000355602329364e-12
6692816.0,4.000355602329364e-12
6696016.0,4.000355602329364e-12
6699216.0,4.000355602329364e-12
6702416.0,4.000355602329364e-12
6705616.0,4.000355602329364e-12
6708816.0,4.000355602329364e-12
6712016.0,4.000355602329364e-12
6715216.0,4.000355602329364e-12
6718416.0,4.000355602329364e-12
6721616.0,4.000355602329364e-12
6724816.0,4.000355602329364e-12
6728016.0,4.000355602329364e-12
6731216.0,4.000355602329364e-12
6734416.0,4.000355602329364e-12
6737616.0,4.000355602329364e-12
6740816.0,4.000355602329364e-12
6744016.0,4.000355602329364e-12
6747216.0,4.000355602329364e-12
6750416.0,4.000355602329364e-12
6753616.0,4.000355602329364e-12
6756816.0,4.000355602329364e-12
6760016.0,4.000355602329364e-12
6763216.0,4.000355602329364e-12
6766416.0,4.000355602329364e-12
6769616.0,4.000355602329364e-12
6772816.0,4.000355602329364e-12
6776016.0,4.000355602329364e-12
6779216.0,4.000355602329364e-12
6782416.0,4.000355602329364e-12
6785616.0,4.000355602329364e-12
6788816.0,4.000355602329364e-12
6792016.0,4.000355602329364e-12
6795216.0,4.000355602329364e-12
6798416.0,4.000355602329364e-12
6801616.0,4.000355602329364e-12
6804816.0,4.000355602329364e-12
6808016.0,4.000355602329364e-12
6811216.0,4.000355602329364e-12
6814416.0,4.000355602329364e-12
6817616.0,4.000355602329364e-12
6820816.0,4.000355602329364e-12
6824016.0,4.000355602329364e-12
6827216.0,4.000355602329364e-12
6830416.0,4.000355602329364e-12
6833616.0,4.000355602329364e-12
6836816.0,4.000355602329364e-12
6840016.0,4.000355602329364e-12
6843216.0,4.000355602329364e-12
6846416.0,4.000355602329364e-12
6849616.0,4.000355602329364e-12
6852816.0,4.000355602329364e-12
6856016.0,4.000355602329364e-12
6859216.0,4.000355602329364e-12
6862416.0,4.000355602329364e-12
6865616.0,4.000355602329364e-12
6868816.0,4.000355602329364e-12
6872016.0,4.000355602329364e-12
6875216.0,4.000355602329364e-12
6878416.0,4.000355602329364e-12
6881616.0,4.000355602329364e-12
6884816.0,4.000355602329364e-12
6888016.0,4.000355602329364e-12
6891216.0,4.000355602329364e-12
6894416.0,4.000355602329364e-12
6897616.0,4.000355602329364e-12
6900816.0,4.000355602329364e-12
6904016.0,4.000355602329364e-12
6907216.0,4.000355602329364e-12
6910416.0,4.000355602329364e-12
6913616.0,4.000355602329364e-12
6916816.0,4.000355602329364e-12
6920016.0,4.000355602329364e-12
6923216.0,4.000355602329364e-12
6926416.0,4.000355602329364e-12
6929616.0,4.000355602329364e-12
6932816.0,4.000355602329364e-12
6936016.0,4.000355602329364e-12
6939216.0,4.000355602329364e-12
6942416.0,4.000355602329364e-12
6945616.0,4.000355602329364e-12
6948816.0,4.000355602329364e-12
6952016.0,4.000355602329364e-12
6955216.0,4.000355602329364e-12
6958416.0,4.000355602329364e-12
6961616.0,4.000355602329364e-12
6964816.0,4.000355602329364e-12
6968016.0,4.000355602329364e-12
6971216.0,4.000355602329364e-12
6974416.0,4.000355602329364e-12
6977616.0,4.000355602329364e-12
6980816.0,4.000355602329364e-12
6984016.0,4.000355602329364e-12
6987216.0,4.000355602329364e-12
6990416.0,4.000355602329364e-12
6993616.0,4.000355602329364e-12
6996816.0,4.000355602329364e-12
7000016.0,4.000355602329364e-12
7003216.0,4.000355602329364e-12
7006416.0,4.000355602329364e-12
7009616.0,4.000355602329364e-12
7012816.0,4.000355602329364e-12
7016016.0,4.000355602329364e-12
7019216.0,4.000355602329364e-12
7022416.0,4.000355602329364e-12
7025616.0,4.000355602329364e-12
7028816.0,4.000355602329364e-12
7032016.0,4.000355602329364e-12
7035216.0,4.000355602329364e-12
7038416.0,4.000355602329364e-12
7041616.0,0.06823718538100021
7044816.0,1.0104547459009998
7048016.0,0.8806563676170001
7051216.0,0.213895286274
7054416.0,0.02080564590800016
7057616.0,4.000355602329364e-12
7060816.0,0.024902559232000243
7064016.0,0.019997414166000205
7067216.0,0.005137034614000058
7070416.0,0.025390724475000237
7073616.0,0.8204057584670004
7076816.0,0.276999991012
7080016.0,0.025150971970000047
7083216.0,0.02515097163000002
7086416.0,0.02566018194200037
7089616.0,1.0161488845570004
7092816.0,0.07836459565200027
7096016.0,0.025495949727000422
7099216.0,0.025895806304000235
7102416.0,0.02539485190800006
7105616.0,0.9627443086870002
7108816.0,0.15106981507200024
7112016.0,0.025639137190000216
7115216.0,0.019597581850000267
7118416.0,0.005835626337000299
7121616.0,4.000355602329364e-12
7124816.0,0.348691313507
7128016.0,0.5555967521970002
7131216.0,0.23376191650800004
7134416.0,4.000355602329364e-12
7137616.0,0.02507091938699979
7140816.0,0.0009678748029999795
7144016.0,0.023742973755999763
7147216.0,0.024780416327999877
7150416.0,0.399376001187
7153616.0,0.6930506418200002
7156816.0,0.023398135698999845
7160016.0,0.027311826485999724
7163216.0,0.02764209986600008
7166416.0,0.3185462437469999
7169616.0,0.7749345068159998
7172816.0,0.0224070505880003
7176016.0,0.02657735962099972
7179216.0,0.02693492330099989
7182416.0,0.12102015069900007
7185616.0,0.9725602685899997
7188816.0,0.0254076411109998
7192016.0,0.02500778393899994
7195216.0,0.024885641435999695
7198416.0,4.000355602329364e-12
7201616.0,0.4746024415969998
7204816.0,0.4870953613570004
7208016.0,0.1641484967610003
7211216.0,4.000355602329364e-12
7214416.0,0.02483942371100012
7217616.0,0.02496569427500006
7220816.0,4.000355602329364e-12
7224016.0,0.025474904315000213
7227216.0,0.9692773565769999
7230416.0,0.12975174656300004
7233616.0,0.024940520809999978
7236816.0,0.02487738578300025
7240016.0,0.025197190264000024
7243216.0,0.852262082387
7246416.0,0.25235126613400016
7249616.0,0.025096092906000234
7252816.0,0.025432814005999838
7256016.0,0.024994995619000093
7259216.0,0.33154211940700007
7262416.0,0.7575455220210001
7265616.0,0.02519719008799992
7268816.0,0.025113009547999887
7272016.0,0.025243407961999864
7275216.0,4.000355602329364e-12
7278416.0,0.15599106777000005
7281616.0,0.4375567328569998
7284816.0,0.3975291179170002
7288016.0,0.14654576214299997
7291216.0,4.000355602329364e-12
7294416.0,4.000355602329364e-12
7297616.0,0.024355386628000186
7300816.0,4.000355602329364e-12
7304016.0,0.023050690752000058
7307216.0,0.0015576259080001265
7310416.0,4.000355602329364e-12
7313616.0,0.02459101016800025
7316816.0,0.041831957981000034
7320016.0,0.08380876103199997
7323216.0,0.5443342770420001
7326416.0,0.5162594644229999
7329616.0,0.03382837290700014
7332816.0,0.02421674667099971
7336016.0,0.01956394107999948
7339216.0,0.012190652554999737
7342416.0,0.35868289249100016
7345616.0,0.7594553621950002
7348816.0,0.020811815748999596
7352016.0,0.02435951696299954
7355216.0,0.02405662998899949
7358416.0,0.02471315533799956
7361616.0,0.00998312086700004
7364816.0,0.64562943477
7368016.0,0.4986401532029996
7371216.0,0.024031457365999653
7374416.0,0.010934073277000245
7377616.0,0.01893445361800028
7380816.0,0.006285668662999733
7384016.0,2.0119999000201005e-09
7387216.0,2.0119999000201005e-09
7390416.0,2.0119999000201005e-09
7393616.0,1.2540913302519998
7396816.0,0.9066209632930002
7400016.0,0.024902561079999774
7403216.0,2.0119999000201005e-09
7406416.0,0.025041620401999864
7409616.0,0.021666121311999742
7412816.0,0.28541452108400023
7416016.0,0.8106423358330002
7419216.0,0.02554025987600017
7422416.0,0.026251664624999727
7425616.0,0.020161732476999816
7428816.0,1.0834362654710001
7432016.0,0.030516612033999913
7435216.0,0.025710935468000073
7438416.0,0.0252099810719999
7441616.0,0.979183389173
7444816.0,0.13422847157299955
7448016.0,0.025454266354000055
7451216.0,0.025247943240000126
7454416.0,2.0119999000201005e-09
7457616.0,2.0119999000201005e-09
7460816.0,1.0780572945509999
7464016.0,0.015768013100999845
7467216.0,0.01998264667199967
7470416.0,0.024734200146999896
7473616.0,2.0119999000201005e-09
7476816.0,0.024780418175999852
7480016.0,1.0685788699129999
7483216.0,0.044630318358999777
7486416.0,0.024435440790999685
7489616.0,0.024902560640999827
7492816.0,0.979230197363
7496016.0,0.13493056953899973
7499216.0,0.024540665663999484
7502416.0,0.024628973900999718
7505616.0,0.6315141232129999
7508816.0,0.48150211913499996
7512016.0,0.02555078153299961
7515216.0,0.017853755927000226
7518416.0,0.009021367297000094
7521616.0,2.0119999000201005e-09
7524816.0,1.0722869994629995
7528016.0,0.02561804608799978
7531216.0,0.015551341849999734
7534416.0,0.024873260086999416
7537616.0,2.0119999000201005e-09
7540816.0,0.025382470126999568
7544016.0,1.074570194713
7547216.0,0.04108742980299995
7550416.0,0.024784951594999605
7553616.0,0.025104756075999823
7556816.0,1.0655822849029999
7560016.0,0.0477532105359999
7563216.0,0.02524794347599979
7566416.0,0.0248101250889996
7569616.0,0.8302988919629999
7572816.0,0.2854065102619998
7576016.0,0.02492813901799984
7579216.0,0.025058537431999817
7582416.0,2.0119999000201005e-09
7585616.0,2.0119999000201005e-09
7588816.0,1.075428869743
7592016.0,0.012495889563999718
7595216.0,0.023721429735999777
7598416.0,0.0007258192160000121
7601616.0,2.0119999000201005e-09
7604816.0,0.02460792983899962
7608016.0,2.0119999000201005e-09
7611216.0,0.024591012321999894
7614416.0,0.026237228565999526
7617616.0,0.3037504688920003
7620816.0,0.8228897451749999
7624016.0,0.024856355478000136
7627216.0,0.02421674667099971
7630416.0,0.02648532277899962
7633616.0,0.11325108153700025
7636816.0,0.9882747534259999
7640016.0,0.039466825236999625
7643216.0,0.02405662998899949
7646416.0,0.02471315533799956
7649616.0,0.009983120843000126
7652816.0,0.993587377026
7656016.0,0.1330084470170001
7659216.0,0.024031457365999653
7662416.0,0.01947128980699997
7665616.0,0.011414042776999977
7668816.0,0.0052688696300000615
7672016.0,2.0119999000201005e-09
7675216.0,2.0119999000201005e-09
7678416.0,0.21713458675399977
7681616.0,1.6316727788680003
7684816.0,0.30856803823300005
7688016.0,0.024902561079999774
7691216.0,0.022169114361999753
7694416.0,0.002872899658999728
7697616.0,0.025298289980999922
7700816.0,0.8797932900629997
7704016.0,0.23395374494099963
7707216.0,0.025058537136000147
7710416.0,0.025567747448000055
7713616.0,0.5153026757229999
7716816.0,0.5883409533870001
7720016.0,0.025710935468000073
7723216.0,0.0252099810719999
7726416.0,0.010340788816999957
7729616.0,1.0845144784439995
7732816.0,0.028883895173000163
7736016.0,0.025454266354000055
7739216.0,0.025247943240000126
7742416.0,2.0119999000201005e-09
7745616.0,0.3829797880229999
7748816.0,0.7056926666959997
7752016.0,0.025163357576999612
7755216.0,2.0119999000201005e-09
7758416.0,0.024734200146999896
7761616.0,0.018511721921000035
7764816.0,0.15556352091199965
7768016.0,0.9392308368059998
7771216.0,0.02759033231599961
7774416.0,0.02756849918899995
7777616.0,0.01887594212399968
7780816.0,1.0847011681009997
7784016.0,0.029399023430999538
7787216.0,0.024540665663999484
7790416.0,0.024628973900999718
7793616.0,1.0692085644029996
7796816.0,0.046492685566999814
7800016.0,0.024915349444999624
7803216.0,0.024793206941999824
7806416.0,2.0119999000201005e-09
7809616.0,0.3150074165629997
7812816.0,0.7736822654909998
7816016.0,0.024839425864999765
7819216.0,2.0119999000201005e-09
7822416.0,0.024873260086999416
7825616.0,0.025382470126999568
7828816.0,0.3480468577029998
7832016.0,0.7517796311809999
7835216.0,0.028599801603999886
7838416.0,0.028012711216999886
7841616.0,0.1897666509929996
7844816.0,0.9087874076409994
7848016.0,0.027259467787999814
7851216.0,0.027137325341999752
7854416.0,0.01772510774999958
7857616.0,1.081127714629
7860816.0,0.03455235356099973
7864016.0,0.02492813901799984
7867216.0,0.025058537431999817
7870416.0,2.0119999000201005e-09
7873616.0,0.41634278921300005
7876816.0,0.6736276848529998
7880016.0,2.0119999000201005e-09
7883216.0,0.024447825123999678
7886416.0,2.0119999000201005e-09
7889616.0,0.02460792983899962
7892816.0,2.0119999000201005e-09
7896016.0,2.0119999000201005e-09
7899216.0,0.024591012321999894
7902416.0,0.04581239301300011
7905616.0,0.898890913981
7908816.0,0.23303052317100015
7912016.0,0.020024844552000154
7915216.0,0.017733894220000046
7918416.0,0.01719604870800051
7921616.0,0.5014193200819999
7924816.0,0.6277070812129999
7928016.0,0.012094108559999484
7931216.0,0.019648168244999376
7934416.0,0.028225734037000016
7937616.0,0.21057347651500002
7940816.0,0.8930522019079996
7944016.0,0.02750111214499995
7947216.0,0.024031457365999653
7950416.0,0.02441439692199987
7953616.0,0.010630173732999904
7956816.0,0.0011092372529999395
7960016.0,2.0119999000201005e-09
7963216.0,2.0119999000201005e-09
7966416.0,0.8319384735759998
7969616.0,1.316921402768
7972816.0,0.03510779157299959
7976016.0,0.001509345930999828
7979216.0,0.025041620401999864
7982416.0,0.004406790277999839
7985616.0,0.02089189230499988
7988816.0,1.0834616851209997
7992016.0,0.030264070618999828
7995216.0,0.025058537136000147
7998416.0,0.025567747448000055
8001616.0,1.066471363263
8004816.0,0.04748607602299959
8008016.0,0.025710935468000073
8011216.0,0.0252099810719999
8014416.0,0.6298596834929997
8017616.0,0.4732308659569999
8020816.0,0.024080241674000025
8024016.0,0.016898231687999754
8027216.0,0.02006496568299987
8030416.0,2.0119999000201005e-09
8033616.0,0.9627116494929999
8036816.0,0.12590200156999964
8040016.0,0.025163357576999612
8043216.0,0.016441321735999992
8046416.0,0.008293272033999877
8049616.0,0.024780418175999852
8052816.0,0.7804456927230001
8056016.0,0.3326989314629998
8059216.0,0.024435440790999685
8062416.0,0.024902560640999827
8065616.0,0.5651596660629998
8068816.0,0.5471826758199998
8072016.0,0.026537537723999804
8075216.0,0.026108219331999916
8078416.0,0.21726660653200014
8081616.0,0.8762095717459997
8084816.0,0.02587904529399987
8088016.0,0.021232716638999616
8091216.0,0.024793206941999824
8094416.0,2.0119999000201005e-09
8097616.0,0.9130389625129998
8100816.0,0.1755959297809997
8104016.0,0.024839425864999765
8107216.0,0.022554093835999822
8110416.0,0.002319559013999939
8113616.0,0.025382470126999568
8116816.0,0.9298624059930001
8120016.0,0.1858125498069998
8123216.0,0.024784951594999605
8126416.0,0.025104756075999823
8129616.0,0.7639025122229999
8132816.0,0.34945712400899964
8136016.0,0.02524794347599979
8139216.0,0.0248101250889996
8142416.0,0.416135054113
8145616.0,0.6864961959839997
8148816.0,0.026404302099000354
8152016.0,0.019017116955999835
8155216.0,0.017649385754999525
8158416.0,2.0119999000201005e-09
8161616.0,0.979321946113
8164816.0,0.10862329423699979
8168016.0,0.005046375410000081
8171216.0,0.019401843262000007
8174416.0,2.0119999000201005e-09
8177616.0,0.02460792983899962
8180816.0,2.0119999000201005e-09
8184016.0,0.024591012321999894
8187216.0,0.015329400808999694
8190416.0,0.07545144269499993
8193616.0,1.0543906363
8196816.0,0.032549075025000374
8200016.0,0.02421674667099971
8203216.0,0.024515505924999736
8206416.0,0.010104214499000008
8209616.0,0.9997947278849999
8212816.0,0.13310335718199973
8216016.0,0.02405662998899949
8219216.0,0.02471315533799956
8222416.0,0.007857086191000118
8225616.0,0.646155778222
8228816.0,0.4825863490040003
8232016.0,0.015067223316999723
8235216.0,0.012230899871000123
8238416.0,0.02521570971000031
8241616.0,0.007672212712000359
8244816.0,2.0119999000201005e-09
8248016.0,2.0119999000201005e-09
8251216.0,2.0119999000201005e-09
8254416.0,1.4843842965679999
8257616.0,0.6729720785930002
8260816.0,0.024902561079999774
8264016.0,0.004880281282999999
8267216.0,0.020161732641000185
8270416.0,0.025298289980999922
8273616.0,0.515347906193
8276816.0,0.5888739469459998
8280016.0,0.025818175942999844
8283216.0,0.02625579238300002
8286416.0,0.17392622506399968
8289616.0,0.922728407073
8292816.0,0.025403515233000107
8296016.0,0.025710935468000073
8299216.0,0.0252099810719999
8302416.0,1.067770068123
8305616.0,0.045632367429999654
8308816.0,0.025454266354000055
8312016.0,0.025247943240000126
8315216.0,2.0119999000201005e-09
8318416.0,0.03339500062599976
8321616.0,1.0552525779159998
8324816.0,0.016870479165999708
8328016.0,0.008293272033999877
8331216.0,0.024734200146999896
8334416.0,0.001616546049999723
8337616.0,0.023164259633999595
8340816.0,1.077776723711
8344016.0,0.03542933369799961
8347216.0,0.024435440790999685
8350416.0,0.024902560640999827
8353616.0,1.067458363093
8356816.0,0.04664619267799974
8360016.0,0.024540665663999484
8363216.0,0.024628973900999718
8366416.0,0.863429405133
8369616.0,0.2522895770739999
8372816.0,0.024915349444999624
8376016.0,0.024793206941999824
8379216.0,2.0119999000201005e-09
8382416.0,2.0119999000201005e-09
8385616.0,1.0850187979639996
8388816.0,0.025525406803000195
8392016.0,0.002955016141000133
8395216.0,0.024873260086999416
8398416.0,0.009833583968999804
8401616.0,0.015549277887999757
8404816.0,1.08657780293
8408016.0,0.027259436754
8411216.0,0.02574265327899994
8414416.0,0.024147163151999607
8417616.0,1.078832427979
8420816.0,0.034451256378999595
8424016.0,0.02524794347599979
8427216.0,0.0248101250889996
8430416.0,1.0652314415329998
8433616.0,0.05045513638900001
8436816.0,0.02492813901799984
8440016.0,0.025058537431999817
8443216.0,2.0119999000201005e-09
8446416.0,0.05187333548899975
8449616.0,1.0380636956929998
8452816.0,2.0119999000201005e-09
8456016.0,0.024447825123999678
8459216.0,2.0119999000201005e-09
8462416.0,0.008120724651
8465616.0,0.016487598723999852
8468816.0,2.0119999000201005e-09
8472016.0,0.024591012321999894
8475216.0,0.03505786957599977
8478416.0,0.5451976618460002
8481616.0,0.5839641122849999
8484816.0,0.016902606446000057
8488016.0,0.02083513982499996
8491216.0,0.02870379070800011
8494416.0,0.28233673482800015
8497616.0,0.8316083736739994
8500816.0,0.024892831207000476
8504016.0,0.02405662998899949
8507216.0,0.02563751806100001
8510416.0,0.010445302335999607
8513616.0,1.084314670555
8516816.0,0.042475730026000136
8520016.0,0.024031457365999653
8523216.0,0.02441439692199987
8526416.0,0.008411703464000109
8529616.0,0.0033277077500000196
8532816.0,2.0119999000201005e-09
8536016.0,2.0119999000201005e-09
8539216.0,0.515306439527
8542416.0,1.6165699932879996
8545616.0,0.03366029851399999
8548816.0,0.016729617264999774
8552016.0,0.025041620401999864
8555216.0,2.0119999000201005e-09
8558416.0,0.025298289980999922
8561616.0,1.068048704573
8564816.0,0.04568064904299973
8568016.0,0.025058537136000147
8571216.0,0.025567747448000055
8574416.0,0.8632047053329996
8577616.0,0.25077091901799964
8580816.0,0.025710935468000073
8584016.0,0.0252099810719999
8587216.0,0.29839458816300013
8590416.0,0.7897818347929997
8593616.0,0.025252071464000103
8596816.0,0.025454266354000055
8600016.0,0.025247943240000126
8603216.0,2.0119999000201005e-09
8606416.0,0.6462764772330001
8609616.0,0.442349625466
8612816.0,0.025163357576999612
8616016.0,0.0009447677189999837
8619216.0,0.023766084694999634
8622416.0,0.024780418175999852
8625616.0,0.44917475853300015
8628816.0,0.6541755681590002
8632016.0,0.027153990086999702
8635216.0,0.027738921982999987
8638416.0,0.23809734612099964
8641616.0,0.8629022775259996
8644816.0,0.02675211803699984
8648016.0,0.02679627207699964
8651216.0,0.014667470639999625
8654416.0,1.083976655441
8657616.0,0.03167581865500013
8660816.0,0.024915349444999624
8664016.0,0.024793206941999824
8667216.0,2.0119999000201005e-09
8670416.0,0.6316078330729997
8673616.0,0.458909479281
8676816.0,0.024839425864999765
8680016.0,0.009336960518999682
8683216.0,0.015536691314999906
8686416.0,0.025382470126999568
8689616.0,0.6480818690529997
8692816.0,0.4676562363289998
8696016.0,0.024784951594999605
8699216.0,0.025104756075999823
8702416.0,0.4824237159429998
8705616.0,0.6254947971620002
8708816.0,0.027408845625000122
8712016.0,0.02700898955499964
8715216.0,0.15222615600599987
8718416.0,0.9395913860109997
8721616.0,0.025182252785999726
8724816.0,0.024850642133999568
8728016.0,0.025058537431999817
8731216.0,2.0119999000201005e-09
8734416.0,0.6978000547629999
8737616.0,0.39193811940300005
8740816.0,2.0119999000201005e-09
8744016.0,0.024447825123999678
8747216.0,2.0119999000201005e-09
8750416.0,0.02460792983899962
8753616.0,2.0119999000201005e-09
8756816.0,0.014871444690000235
8760016.0,0.015500393604999996
8763216.0,0.04930960212699986
8766416.0,1.0764014723579995
8769616.0,0.04627186603500011
8772816.0,0.02421674667099971
8776016.0,0.024515505924999736
8779216.0,0.008532800165999888
8782416.0,0.7362941267930001
8785616.0,0.3999669084359998
8788816.0,0.022591829097000193
8792016.0,0.01648179334799993
8795216.0,0.015335463024999996
8798416.0,0.383291430561
8801616.0,0.738424078335
8804816.0,0.013234618583999769
8808016.0,0.021762925132999822
8811216.0,0.02700261247000002
8814416.0,0.009151193140000125
8817616.0,2.0119999000201005e-09
8820816.0,2.0119999000201005e-09
8824016.0,2.0119999000201005e-09
8827216.0,1.221347176848
8830416.0,0.9396839752329997
8833616.0,0.024902561079999774
8836816.0,2.0119999000201005e-09
8840016.0,0.025041620401999864
8843216.0,0.020184758289000015
8846416.0,0.25376292628899977
8849616.0,0.8423969511129998
8852816.0,0.0255212788889998
8856016.0,0.02607278150100001
8859216.0,0.021735734801000106
8862416.0,1.08193592081
8865616.0,0.032016871073
8868816.0,0.025710935468000073
8872016.0,0.0252099810719999
8875216.0,0.946075163283
8878416.0,0.16733944919399946
8881616.0,0.025454266354000055
8884816.0,0.020841461622000068
8888016.0,0.004406877008999999
8891216.0,2.0119999000201005e-09
8894416.0,1.0710136570629998
8897616.0,0.01917496288899967
8900816.0,0.02357670271299961
8904016.0,0.024734200146999896
8907216.0,2.0119999000201005e-09
8910416.0,0.024780418175999852
8913616.0,1.0635058770630001
8916816.0,0.049617055012999955
8920016.0,0.024435440790999685
8923216.0,0.024902560640999827
8926416.0,0.8964258110029997
8929616.0,0.2193797349769997
8932816.0,0.024540665663999484
8936016.0,0.024628973900999718
8939216.0,0.5485936998729999
8942416.0,0.5608257593200001
8945616.0,0.025590807870999654
8948816.0,0.01980007846099996
8952016.0,0.010586910662000015
8955216.0,2.0119999000201005e-09
8958416.0,1.0719631853029998
8961616.0,0.026306091095999573
8964816.0,0.017053752388999754
8968016.0,0.024873260086999416
8971216.0,2.0119999000201005e-09
8974416.0,0.025382470126999568
8977616.0,1.0731364241029997
8980816.0,0.04256870404300006
8984016.0,0.024784951594999605
8987216.0,0.025104756075999823
8990416.0,1.065489711513
8993616.0,0.04970907451600004
8996816.0,0.02524794347599979
9000016.0,0.0248101250889996
9003216.0,0.7970993988729997
9006416.0,0.31687845993499986
9009616.0,0.02492813901799984
9012816.0,0.025058537431999817
9016016.0,2.0119999000201005e-09
9019216.0,2.0119999000201005e-09
9022416.0,1.074636366843
9025616.0,0.015071432596999834
9028816.0,0.022284433098999745
9032016.0,0.0021637847769997443
9035216.0,2.0119999000201005e-09
9038416.0,0.02460792983899962
9041616.0,2.0119999000201005e-09
9044816.0,0.024591012321999894
9048016.0,0.025296999313000335
9051216.0,0.2864006007879998
9054416.0,0.841228004505
9057616.0,0.024856355478000136
9060816.0,0.02421674667099971
9064016.0,0.026577758919999805
9067216.0,0.11325116203000007
9070416.0,0.9907278955769998
9073616.0,0.038736712732999834
9076816.0,0.02405662998899949
9080016.0,0.02471315533799956
9083216.0,0.00998312085099995
9086416.0,0.995312637833
9089616.0,0.1330084470170001
9092816.0,0.024031457365999653
9096016.0,0.020230952666000057
9099216.0,0.010839251951999973
9102416.0,0.0050839970920000255
9105616.0,2.0119999000201005e-09
9108816.0,2.0119999000201005e-09
9112016.0,0.23374864203699985
9115216.0,1.6353899301979995
9118416.0,0.29193248784199977
9121616.0,0.024902561079999774
9124816.0,0.022888750948999892
9128016.0,0.0021532622159998738
9131216.0,0.025298289980999922
9134416.0,0.8963587518829996
9137616.0,0.21738708052299982
9140816.0,0.025058537136000147
9144016.0,0.025567747448000055
9147216.0,0.5319381599729995
9150416.0,0.5725122785159997
9153616.0,0.025710935468000073
9156816.0,0.0252099810719999
9160016.0,0.00953490823399994
9163216.0,1.0852741410729996
9166416.0,0.028124277752000104
9169616.0,0.025454266354000055
9172816.0,0.025247943240000126
9176016.0,2.0119999000201005e-09
9179216.0,0.3150072470929999
9182416.0,0.7736198682759996
9185616.0,0.025163357576999612
9188816.0,2.0119999000201005e-09
9192016.0,0.024734200146999896
9195216.0,0.017703776724000253
9198416.0,0.1398280068890001
9201616.0,0.955537298786
9204816.0,0.027015331179999436
9208016.0,0.027492777480999653
9211216.0,0.019673364878999955
9214416.0,1.084357070701
9217616.0,0.031427405077999904
9220816.0,0.024540665663999484
9224016.0,0.024628973900999718
9227216.0,1.0684571238329998
9230416.0,0.047199700024999736
9233616.0,0.024915349444999624
9236816.0,0.024793206941999824
9240016.0,2.0119999000201005e-09
9243216.0,0.30026390108299994
9246416.0,0.7902459063609997
9249616.0,0.024839425864999765
9252816.0,2.0119999000201005e-09
9256016.0,0.024873260086999416
9259216.0,0.025382470126999568
9262416.0,0.3168068727029998
9265616.0,0.7843381114609995
9268816.0,0.02847353332700031
9272016.0,0.02790748587400005
9275216.0,0.15918797808599994
9278416.0,0.9413536994709997
9281616.0,0.027179415395999662
9284816.0,0.027166829013999916
9288016.0,0.01847631255499982
9291216.0,1.0793982531989998
9294416.0,0.03455235356099973
9297616.0,0.02492813901799984
9300816.0,0.025058537431999817
9304016.0,2.0119999000201005e-09
9307216.0,0.3664801106729998
9310416.0,0.723255715853
9313616.0,2.0119999000201005e-09
9316816.0,0.024447825123999678
9320016.0,2.0119999000201005e-09
9323216.0,0.02460792983899962
9326416.0,2.0119999000201005e-09
9329616.0,2.0119999000201005e-09
9332816.0,0.024591012321999894
9336016.0,0.04581239301300011
9339216.0,0.8823931895809998
9342416.0,0.2495740551679999
9345616.0,0.020024844552000154
9348816.0,0.017733894220000046
9352016.0,0.01719604870800051
9355216.0,0.48627273428200013
9358416.0,0.6446240110929997
9361616.0,0.0154903025349995
9364816.0,0.016251975219999437
9368016.0,0.028503042953999636
9371216.0,0.21262748631500017
9374416.0,0.8963961346440001
9377616.0,0.02550430811999993
9380816.0,0.024031457365999653
9384016.0,0.02441439692199987
9387216.0,0.01063017373700026
9390416.0,0.0011092372129999362
9393616.0,2.0119999000201005e-09
9396816.0,2.0119999000201005e-09
9400016.0,0.8832872569510002
9403216.0,1.2682172295830005
9406416.0,0.032927882877999526
9409616.0,0.001509345930999828
9412816.0,0.025041620401999864
9416016.0,0.004406790277999839
9419216.0,0.02089189230499988
9422416.0,1.083461978251
9425616.0,0.030264070618999828
9428816.0,0.025058537136000147
9432016.0,0.025567747448000055
9435216.0,1.066471363263
9438416.0,0.04748607602299959
9441616.0,0.025710935468000073
9444816.0,0.0252099810719999
9448016.0,0.6298596834929997
9451216.0,0.4732308659569999
9454416.0,0.024080241674000025
9457616.0,0.016898231687999754
9460816.0,0.02006496568299987
9464016.0,2.0119999000201005e-09
9467216.0,0.9627116494929999
9470416.0,0.12590200156999964
9473616.0,0.025163357576999612
9476816.0,0.016441321735999992
9480016.0,0.008293272033999877
9483216.0,0.024780418175999852
9486416.0,0.7804456927230001
9489616.0,0.3326989314629998
9492816.0,0.024435440790999685
9496016.0,0.024902560640999827
9499216.0,0.5651596660629998
9502416.0,0.5471826758199998
9505616.0,0.026537537723999804
9508816.0,0.026108219331999916
9512016.0,0.21726660653200014
9515216.0,0.8762095717459997
9518416.0,0.02587904529399987
9521616.0,0.021232716638999616
9524816.0,0.024793206941999824
9528016.0,2.0119999000201005e-09
9531216.0,0.9630851656230002
9534416.0,0.12741159581299977
9537616.0,0.024839425864999765
9540816.0,0.024873260086999416
9544016.0,2.0119999000201005e-09
9547216.0,0.025382470126999568
9550416.0,0.9645555283629998
9553616.0,0.15116330108999998
9556816.0,0.024784951594999605
9560016.0,0.025104756075999823
9563216.0,0.813758592183
9566416.0,0.30146571774699993
9569616.0,0.02524794347599979
9572816.0,0.0248101250889996
9576016.0,0.4806191386530001
9579216.0,0.6231411129530002
9582416.0,0.025702428125999877
9585616.0,0.018962441370999894
9588816.0,0.015545149734999875
9592016.0,2.0119999000201005e-09
9595216.0,1.029255629013
9598416.0,0.06046060598799974
9601616.0,0.007354666729999959
9604816.0,0.01709355242499999
9608016.0,2.0119999000201005e-09
9611216.0,0.02460792983899962
9614416.0,2.0119999000201005e-09
9617616.0,0.024591012321999894
9620816.0,0.015421837631000024
9624016.0,0.07561699924300003
9627216.0,1.0555236005759996
9630416.0,0.031202518671000323
9633616.0,0.02421674667099971
9636816.0,0.024515505924999736
9640016.0,0.010658831702999638
9643216.0,1.0507061275719995
9646416.0,0.08340183658899969
9649616.0,0.02405662998899949
9652816.0,0.02471315533799956
9656016.0,0.007857086295000038
9659216.0,0.6661471096480001
9662416.0,0.4643130320140001
9665616.0,0.017043123918000003
9668816.0,0.01223090359899981
9672016.0,0.02360955569199996
9675216.0,0.007302467646999933
9678416.0,2.0119999000201005e-09
9681616.0,2.0119999000201005e-09
9684816.0,2.0119999000201005e-09
9688016.0,1.5377732725279998
9691216.0,0.6232755684229998
9694416.0,0.024902561079999774
9697616.0,0.007251708016999814
9700816.0,0.017790306406999967
9704016.0,0.025298289980999922
9707216.0,0.5650919162029999
9710416.0,0.5412536987630001
9713616.0,0.025855935172000244
9716816.0,0.0263694763500002
9720016.0,0.2213519353729998
9723216.0,0.8731559684630001
9726416.0,0.02535729706300005
9729616.0,0.02573404455399997
9732816.0,0.02510937510299982
9736016.0,1.0698643248829995
9739216.0,0.04353671056399966
9742416.0,0.025454266354000055
9745616.0,0.025247943240000126
9748816.0,2.0119999000201005e-09
9752016.0,2.0119999000201005e-09
9755216.0,1.086516384692
9758416.0,0.01952427504099985
9761616.0,0.007720951388999975
9764816.0,0.024734200146999896
9768016.0,0.0022499401829998433
9771216.0,0.022530867077999783
9774416.0,1.0784785829669996
9777616.0,0.03463813457400011
9780816.0,0.024435440790999685
9784016.0,0.024902560640999827
9787216.0,1.068372694623
9790416.0,0.047416342364999586
9793616.0,0.024540665663999484
9796816.0,0.024628973900999718
9800016.0,0.865024307973
9803216.0,0.2506522308000001
9806416.0,0.024915349444999624
9809616.0,0.024793206941999824
9812816.0,2.0119999000201005e-09
9816016.0,2.0119999000201005e-09
9819216.0,1.0875244493449996
9822416.0,0.02625554156700005
9825616.0,0.001538849644999729
9828816.0,0.024873260086999416
9832016.0,0.011165568311999774
9835216.0,0.014448088756999766
9838416.0,1.0881840870500001
9841616.0,0.027259436754
9844816.0,0.02644119707599968
9848016.0,0.023448571278999797
9851216.0,1.0807442214289997
9854416.0,0.034451256378999595
9857616.0,0.02524794347599979
9860816.0,0.0248101250889996
9864016.0,1.063599072063
9867216.0,0.05035528035999981
9870416.0,0.02492813901799984
9873616.0,0.025058537431999817
9876816.0,2.0119999000201005e-09
9880016.0,0.04996127698600006
9883216.0,1.0397495508129997
9886416.0,2.0119999000201005e-09
9889616.0,0.024447825123999678
9892816.0,2.0119999000201005e-09
9896016.0,0.009549475428999976
9899216.0,0.01505884615999964
9902416.0,2.0119999000201005e-09
9905616.0,0.024591012321999894
9908816.0,0.035826015615000095
9912016.0,0.5758609518259998
9915216.0,0.5551325110220002
9918416.0,0.0158880796730001
9921616.0,0.019303227555000024
9924816.0,0.028703790472999646
9928016.0,0.31593931142499976
9931216.0,0.801984802232
9934416.0,0.02268661756299961
9937616.0,0.02405662998899949
9940816.0,0.026377008319999895
9944016.0,0.04351408205000018
9947216.0,1.052687347459
9950416.0,0.04043682453399988
9953616.0,0.024031457365999653
9956816.0,0.02441439692199987
9960016.0,0.008504139731999594
9963216.0,0.0032352714459999987
9966416.0,2.0119999000201005e-09
9969616.0,2.0119999000201005e-09
9972816.0,2.0119999000201005e-09
9976016.0,2.0119999000201005e-09
9979216.0,2.0119999000201005e-09
9982416.0,2.0119999000201005e-09
9985616.0,2.0119999000201005e-09
9988816.0,2.0119999000201005e-09
9992016.0,2.0119999000201005e-09
9995216.0,2.0119999000201005e-09
9998416.0,2.0119999000201005e-09
10001620.0,2.0119999000201005e-09
10004820.0,2.0119999000201005e-09
10008020.0,2.0119999000201005e-09
10011220.0,2.0119999000201005e-09
10014420.0,2.0119999000201005e-09
10017620.0,2.0119999000201005e-09
10020820.0,2.0119999000201005e-09
10024020.0,2.0119999000201005e-09
10027220.0,2.0119999000201005e-09
10030420.0,2.0119999000201005e-09
10033620.0,2.0119999000201005e-09
10036820.0,2.0119999000201005e-09
10040020.0,2.0119999000201005e-09
10043220.0,2.0119999000201005e-09
10046420.0,2.0119999000201005e-09
10049620.0,2.0119999000201005e-09
10052820.0,2.0119999000201005e-09
10056020.0,2.0119999000201005e-09
10059220.0,2.0119999000201005e-09
10062420.0,2.0119999000201005e-09
10065620.0,2.0119999000201005e-09
10068820.0,2.0119999000201005e-09
10072020.0,2.0119999000201005e-09
10075220.0,2.0119999000201005e-09
10078420.0,2.0119999000201005e-09
10081620.0,2.0119999000201005e-09
10084820.0,2.0119999000201005e-09
10087054.75,0.0
